Day_ID,Date,Date time,Week_Num,day,month,year,Day_name,Is_FIFA,Is_CAF,Is_Ramadan,FIFA_DAY,CAF_CL_ROUND,CAF_CC_ROUND,Is_SuperCup
D_20260801,8/1/2026,5:00:00 PM,1,1,8,2026,SAT,0,0,0,,,,0
D_20260801,8/1/2026,8:00:00 PM,1,1,8,2026,SAT,0,0,0,,,,0
D_20260801,8/1/2026,10:00:00 PM,1,1,8,2026,SAT,0,0,0,,,,0
D_20260802,8/2/2026,5:00:00 PM,1,2,8,2026,SUN,0,0,0,,,,1
D_20260802,8/2/2026,8:00:00 PM,1,2,8,2026,SUN,0,0,0,,,,1
D_20260802,8/2/2026,10:00:00 PM,1,2,8,2026,SUN,0,0,0,,,,1
D_20260803,8/3/2026,5:00:00 PM,1,3,8,2026,MON,0,0,0,,,,1
D_20260803,8/3/2026,8:00:00 PM,1,3,8,2026,MON,0,0,0,,,,1
D_20260803,8/3/2026,10:00:00 PM,1,3,8,2026,MON,0,0,0,,,,1
D_20260804,8/4/2026,5:00:00 PM,1,4,8,2026,TUE,0,0,0,,,,1
D_20260804,8/4/2026,8:00:00 PM,1,4,8,2026,TUE,0,0,0,,,,1
D_20260804,8/4/2026,10:00:00 PM,1,4,8,2026,TUE,0,0,0,,,,1
D_20260805,8/5/2026,5:00:00 PM,1,5,8,2026,WED,0,0,0,,,,1
D_20260805,8/5/2026,8:00:00 PM,1,5,8,2026,WED,0,0,0,,,,1
D_20260805,8/5/2026,10:00:00 PM,1,5,8,2026,WED,0,0,0,,,,1
D_20260806,8/6/2026,5:00:00 PM,1,6,8,2026,THU,0,0,0,,,,0
D_20260806,8/6/2026,8:00:00 PM,1,6,8,2026,THU,0,0,0,,,,0
D_20260806,8/6/2026,10:00:00 PM,1,6,8,2026,THU,0,0,0,,,,0
D_20260807,8/7/2026,5:00:00 PM,1,7,8,2026,FRI,0,0,0,,,,0
D_20260807,8/7/2026,8:00:00 PM,1,7,8,2026,FRI,0,0,0,,,,0
D_20260807,8/7/2026,10:00:00 PM,1,7,8,2026,FRI,0,0,0,,,,0
D_20260808,8/8/2026,5:00:00 PM,1,8,8,2026,SAT,0,0,0,,,,0
D_20260808,8/8/2026,8:00:00 PM,1,8,8,2026,SAT,0,0,0,,,,0
D_20260808,8/8/2026,10:00:00 PM,1,8,8,2026,SAT,0,0,0,,,,0
D_20260809,8/9/2026,5:00:00 PM,2,9,8,2026,SUN,0,0,0,,,,0
D_20260809,8/9/2026,8:00:00 PM,2,9,8,2026,SUN,0,0,0,,,,0
D_20260809,8/9/2026,10:00:00 PM,2,9,8,2026,SUN,0,0,0,,,,0
D_20260810,8/10/2026,5:00:00 PM,2,10,8,2026,MON,0,0,0,,,,0
D_20260810,8/10/2026,8:00:00 PM,2,10,8,2026,MON,0,0,0,,,,0
D_20260810,8/10/2026,10:00:00 PM,2,10,8,2026,MON,0,0,0,,,,0
D_20260811,8/11/2026,5:00:00 PM,2,11,8,2026,TUE,0,0,0,,,,0
D_20260811,8/11/2026,8:00:00 PM,2,11,8,2026,TUE,0,0,0,,,,0
D_20260811,8/11/2026,10:00:00 PM,2,11,8,2026,TUE,0,0,0,,,,0
D_20260812,8/12/2026,5:00:00 PM,2,12,8,2026,WED,0,0,0,,,,0
D_20260812,8/12/2026,8:00:00 PM,2,12,8,2026,WED,0,0,0,,,,0
D_20260812,8/12/2026,10:00:00 PM,2,12,8,2026,WED,0,0,0,,,,0
D_20260813,8/13/2026,5:00:00 PM,2,13,8,2026,THU,0,0,0,,,,0
D_20260813,8/13/2026,8:00:00 PM,2,13,8,2026,THU,0,0,0,,,,0
D_20260813,8/13/2026,10:00:00 PM,2,13,8,2026,THU,0,0,0,,,,0
D_20260814,8/14/2026,5:00:00 PM,2,14,8,2026,FRI,0,0,0,,,,0
D_20260814,8/14/2026,8:00:00 PM,2,14,8,2026,FRI,0,0,0,,,,0
D_20260814,8/14/2026,10:00:00 PM,2,14,8,2026,FRI,0,0,0,,,,0
D_20260815,8/15/2026,5:00:00 PM,2,15,8,2026,SAT,0,0,0,,,,0
D_20260815,8/15/2026,8:00:00 PM,2,15,8,2026,SAT,0,0,0,,,,0
D_20260815,8/15/2026,10:00:00 PM,2,15,8,2026,SAT,0,0,0,,,,0
D_20260816,8/16/2026,5:00:00 PM,3,16,8,2026,SUN,0,0,0,,,,0
D_20260816,8/16/2026,8:00:00 PM,3,16,8,2026,SUN,0,0,0,,,,0
D_20260816,8/16/2026,10:00:00 PM,3,16,8,2026,SUN,0,0,0,,,,0
D_20260817,8/17/2026,5:00:00 PM,3,17,8,2026,MON,0,0,0,,,,0
D_20260817,8/17/2026,8:00:00 PM,3,17,8,2026,MON,0,0,0,,,,0
D_20260817,8/17/2026,10:00:00 PM,3,17,8,2026,MON,0,0,0,,,,0
D_20260818,8/18/2026,5:00:00 PM,3,18,8,2026,TUE,0,0,0,,,,0
D_20260818,8/18/2026,8:00:00 PM,3,18,8,2026,TUE,0,0,0,,,,0
D_20260818,8/18/2026,10:00:00 PM,3,18,8,2026,TUE,0,0,0,,,,0
D_20260819,8/19/2026,5:00:00 PM,3,19,8,2026,WED,0,0,0,,,,0
D_20260819,8/19/2026,8:00:00 PM,3,19,8,2026,WED,0,0,0,,,,0
D_20260819,8/19/2026,10:00:00 PM,3,19,8,2026,WED,0,0,0,,,,0
D_20260820,8/20/2026,5:00:00 PM,3,20,8,2026,THU,0,0,0,,,,0
D_20260820,8/20/2026,8:00:00 PM,3,20,8,2026,THU,0,0,0,,,,0
D_20260820,8/20/2026,10:00:00 PM,3,20,8,2026,THU,0,0,0,,,,0
D_20260821,8/21/2026,5:00:00 PM,3,21,8,2026,FRI,0,0,0,,,,0
D_20260821,8/21/2026,8:00:00 PM,3,21,8,2026,FRI,0,0,0,,,,0
D_20260821,8/21/2026,10:00:00 PM,3,21,8,2026,FRI,0,0,0,,,,0
D_20260822,8/22/2026,5:00:00 PM,3,22,8,2026,SAT,0,0,0,,,,0
D_20260822,8/22/2026,8:00:00 PM,3,22,8,2026,SAT,0,0,0,,,,0
D_20260822,8/22/2026,10:00:00 PM,3,22,8,2026,SAT,0,0,0,,,,0
D_20260823,8/23/2026,5:00:00 PM,4,23,8,2026,SUN,0,0,0,,,,0
D_20260823,8/23/2026,8:00:00 PM,4,23,8,2026,SUN,0,0,0,,,,0
D_20260823,8/23/2026,10:00:00 PM,4,23,8,2026,SUN,0,0,0,,,,0
D_20260824,8/24/2026,5:00:00 PM,4,24,8,2026,MON,0,0,0,,,,0
D_20260824,8/24/2026,8:00:00 PM,4,24,8,2026,MON,0,0,0,,,,0
D_20260824,8/24/2026,10:00:00 PM,4,24,8,2026,MON,0,0,0,,,,0
D_20260825,8/25/2026,5:00:00 PM,4,25,8,2026,TUE,0,0,0,,,,0
D_20260825,8/25/2026,8:00:00 PM,4,25,8,2026,TUE,0,0,0,,,,0
D_20260825,8/25/2026,10:00:00 PM,4,25,8,2026,TUE,0,0,0,,,,0
D_20260826,8/26/2026,5:00:00 PM,4,26,8,2026,WED,0,0,0,,,,0
D_20260826,8/26/2026,8:00:00 PM,4,26,8,2026,WED,0,0,0,,,,0
D_20260826,8/26/2026,10:00:00 PM,4,26,8,2026,WED,0,0,0,,,,0
D_20260827,8/27/2026,5:00:00 PM,4,27,8,2026,THU,0,0,0,,,,0
D_20260827,8/27/2026,8:00:00 PM,4,27,8,2026,THU,0,0,0,,,,0
D_20260827,8/27/2026,10:00:00 PM,4,27,8,2026,THU,0,0,0,,,,0
D_20260828,8/28/2026,5:00:00 PM,4,28,8,2026,FRI,0,0,0,,,,0
D_20260828,8/28/2026,8:00:00 PM,4,28,8,2026,FRI,0,0,0,,,,0
D_20260828,8/28/2026,10:00:00 PM,4,28,8,2026,FRI,0,0,0,,,,0
D_20260829,8/29/2026,5:00:00 PM,4,29,8,2026,SAT,0,0,0,,,,0
D_20260829,8/29/2026,8:00:00 PM,4,29,8,2026,SAT,0,0,0,,,,0
D_20260829,8/29/2026,10:00:00 PM,4,29,8,2026,SAT,0,0,0,,,,0
D_20260830,8/30/2026,5:00:00 PM,5,30,8,2026,SUN,0,0,0,,,,0
D_20260830,8/30/2026,8:00:00 PM,5,30,8,2026,SUN,0,0,0,,,,0
D_20260830,8/30/2026,10:00:00 PM,5,30,8,2026,SUN,0,0,0,,,,0
D_20260831,8/31/2026,5:00:00 PM,5,31,8,2026,MON,0,0,0,,,,0
D_20260831,8/31/2026,8:00:00 PM,5,31,8,2026,MON,0,0,0,,,,0
D_20260831,8/31/2026,10:00:00 PM,5,31,8,2026,MON,0,0,0,,,,0
D_20260901,9/1/2026,5:00:00 PM,5,1,9,2026,TUE,0,0,0,,,,0
D_20260901,9/1/2026,8:00:00 PM,5,1,9,2026,TUE,0,0,0,,,,0
D_20260901,9/1/2026,10:00:00 PM,5,1,9,2026,TUE,0,0,0,,,,0
D_20260902,9/2/2026,5:00:00 PM,5,2,9,2026,WED,0,0,0,,,,0
D_20260902,9/2/2026,8:00:00 PM,5,2,9,2026,WED,0,0,0,,,,0
D_20260902,9/2/2026,10:00:00 PM,5,2,9,2026,WED,0,0,0,,,,0
D_20260903,9/3/2026,5:00:00 PM,5,3,9,2026,THU,0,0,0,,,,0
D_20260903,9/3/2026,8:00:00 PM,5,3,9,2026,THU,0,0,0,,,,0
D_20260903,9/3/2026,10:00:00 PM,5,3,9,2026,THU,0,0,0,,,,0
D_20260904,9/4/2026,5:00:00 PM,5,4,9,2026,FRI,0,0,0,,,,0
D_20260904,9/4/2026,8:00:00 PM,5,4,9,2026,FRI,0,0,0,,,,0
D_20260904,9/4/2026,10:00:00 PM,5,4,9,2026,FRI,0,0,0,,,,0
D_20260905,9/5/2026,5:00:00 PM,5,5,9,2026,SAT,0,0,0,,,,0
D_20260905,9/5/2026,8:00:00 PM,5,5,9,2026,SAT,0,0,0,,,,0
D_20260905,9/5/2026,10:00:00 PM,5,5,9,2026,SAT,0,0,0,,,,0
D_20260906,9/6/2026,5:00:00 PM,6,6,9,2026,SUN,0,0,0,,,,0
D_20260906,9/6/2026,8:00:00 PM,6,6,9,2026,SUN,0,0,0,,,,0
D_20260906,9/6/2026,10:00:00 PM,6,6,9,2026,SUN,0,0,0,,,,0
D_20260907,9/7/2026,5:00:00 PM,6,7,9,2026,MON,0,0,0,,,,0
D_20260907,9/7/2026,8:00:00 PM,6,7,9,2026,MON,0,0,0,,,,0
D_20260907,9/7/2026,10:00:00 PM,6,7,9,2026,MON,0,0,0,,,,0
D_20260908,9/8/2026,5:00:00 PM,6,8,9,2026,TUE,0,0,0,,,,0
D_20260908,9/8/2026,8:00:00 PM,6,8,9,2026,TUE,0,0,0,,,,0
D_20260908,9/8/2026,10:00:00 PM,6,8,9,2026,TUE,0,0,0,,,,0
D_20260909,9/9/2026,5:00:00 PM,6,9,9,2026,WED,0,0,0,,,,0
D_20260909,9/9/2026,8:00:00 PM,6,9,9,2026,WED,0,0,0,,,,0
D_20260909,9/9/2026,10:00:00 PM,6,9,9,2026,WED,0,0,0,,,,0
D_20260910,9/10/2026,5:00:00 PM,6,10,9,2026,THU,0,0,0,,,,0
D_20260910,9/10/2026,8:00:00 PM,6,10,9,2026,THU,0,0,0,,,,0
D_20260910,9/10/2026,10:00:00 PM,6,10,9,2026,THU,0,0,0,,,,0
D_20260911,9/11/2026,5:00:00 PM,6,11,9,2026,FRI,0,0,0,,,,0
D_20260911,9/11/2026,8:00:00 PM,6,11,9,2026,FRI,0,0,0,,,,0
D_20260911,9/11/2026,10:00:00 PM,6,11,9,2026,FRI,0,0,0,,,,0
D_20260912,9/12/2026,5:00:00 PM,6,12,9,2026,SAT,0,0,0,,,,0
D_20260912,9/12/2026,8:00:00 PM,6,12,9,2026,SAT,0,0,0,,,,0
D_20260912,9/12/2026,10:00:00 PM,6,12,9,2026,SAT,0,0,0,,,,0
D_20260913,9/13/2026,5:00:00 PM,7,13,9,2026,SUN,0,1,0,,Second Qualifying Round 1st leg,Second Preliminary Round 1st leg,0
D_20260913,9/13/2026,8:00:00 PM,7,13,9,2026,SUN,0,1,0,,Second Qualifying Round 1st leg,Second Preliminary Round 1st leg,0
D_20260913,9/13/2026,10:00:00 PM,7,13,9,2026,SUN,0,1,0,,Second Qualifying Round 1st leg,Second Preliminary Round 1st leg,0
D_20260914,9/14/2026,5:00:00 PM,7,14,9,2026,MON,0,1,0,,Second Qualifying Round 1st leg,Second Preliminary Round 1st leg,0
D_20260914,9/14/2026,8:00:00 PM,7,14,9,2026,MON,0,1,0,,Second Qualifying Round 1st leg,Second Preliminary Round 1st leg,0
D_20260914,9/14/2026,10:00:00 PM,7,14,9,2026,MON,0,1,0,,Second Qualifying Round 1st leg,Second Preliminary Round 1st leg,0
D_20260915,9/15/2026,5:00:00 PM,7,15,9,2026,TUE,0,1,0,,Second Qualifying Round 1st leg,Second Preliminary Round 1st leg,0
D_20260915,9/15/2026,8:00:00 PM,7,15,9,2026,TUE,0,1,0,,Second Qualifying Round 1st leg,Second Preliminary Round 1st leg,0
D_20260915,9/15/2026,10:00:00 PM,7,15,9,2026,TUE,0,1,0,,Second Qualifying Round 1st leg,Second Preliminary Round 1st leg,0
D_20260916,9/16/2026,5:00:00 PM,7,16,9,2026,WED,0,0,0,,,,0
D_20260916,9/16/2026,8:00:00 PM,7,16,9,2026,WED,0,0,0,,,,0
D_20260916,9/16/2026,10:00:00 PM,7,16,9,2026,WED,0,0,0,,,,0
D_20260917,9/17/2026,5:00:00 PM,7,17,9,2026,THU,0,0,0,,,,0
D_20260917,9/17/2026,8:00:00 PM,7,17,9,2026,THU,0,0,0,,,,0
D_20260917,9/17/2026,10:00:00 PM,7,17,9,2026,THU,0,0,0,,,,0
D_20260918,9/18/2026,5:00:00 PM,7,18,9,2026,FRI,0,0,0,,,,0
D_20260918,9/18/2026,8:00:00 PM,7,18,9,2026,FRI,0,0,0,,,,0
D_20260918,9/18/2026,10:00:00 PM,7,18,9,2026,FRI,0,0,0,,,,0
D_20260919,9/19/2026,5:00:00 PM,7,19,9,2026,SAT,0,0,0,,,,0
D_20260919,9/19/2026,8:00:00 PM,7,19,9,2026,SAT,0,0,0,,,,0
D_20260919,9/19/2026,10:00:00 PM,7,19,9,2026,SAT,0,0,0,,,,0
D_20260920,9/20/2026,5:00:00 PM,8,20,9,2026,SUN,0,1,0,,Second Qualifying Round 2nd leg,Second Preliminary Round 2nd leg,0
D_20260920,9/20/2026,8:00:00 PM,8,20,9,2026,SUN,0,1,0,,Second Qualifying Round 2nd leg,Second Preliminary Round 2nd leg,0
D_20260920,9/20/2026,10:00:00 PM,8,20,9,2026,SUN,0,1,0,,Second Qualifying Round 2nd leg,Second Preliminary Round 2nd leg,0
D_20260921,9/21/2026,5:00:00 PM,8,21,9,2026,MON,1,1,0,International Break - Sep/Oct Window,Second Qualifying Round 2nd leg,Second Preliminary Round 2nd leg,0
D_20260921,9/21/2026,8:00:00 PM,8,21,9,2026,MON,1,1,0,International Break - Sep/Oct Window,Second Qualifying Round 2nd leg,Second Preliminary Round 2nd leg,0
D_20260921,9/21/2026,10:00:00 PM,8,21,9,2026,MON,1,1,0,International Break - Sep/Oct Window,Second Qualifying Round 2nd leg,Second Preliminary Round 2nd leg,0
D_20260922,9/22/2026,5:00:00 PM,8,22,9,2026,TUE,1,1,0,International Break - Sep/Oct Window,Second Qualifying Round 2nd leg,Second Preliminary Round 2nd leg,0
D_20260922,9/22/2026,8:00:00 PM,8,22,9,2026,TUE,1,1,0,International Break - Sep/Oct Window,Second Qualifying Round 2nd leg,Second Preliminary Round 2nd leg,0
D_20260922,9/22/2026,10:00:00 PM,8,22,9,2026,TUE,1,1,0,International Break - Sep/Oct Window,Second Qualifying Round 2nd leg,Second Preliminary Round 2nd leg,0
D_20260923,9/23/2026,5:00:00 PM,8,23,9,2026,WED,1,0,0,International Break - Sep/Oct Window,,,0
D_20260923,9/23/2026,8:00:00 PM,8,23,9,2026,WED,1,0,0,International Break - Sep/Oct Window,,,0
D_20260923,9/23/2026,10:00:00 PM,8,23,9,2026,WED,1,0,0,International Break - Sep/Oct Window,,,0
D_20260924,9/24/2026,5:00:00 PM,8,24,9,2026,THU,1,0,0,International Break - Sep/Oct Window,,,0
D_20260924,9/24/2026,8:00:00 PM,8,24,9,2026,THU,1,0,0,International Break - Sep/Oct Window,,,0
D_20260924,9/24/2026,10:00:00 PM,8,24,9,2026,THU,1,0,0,International Break - Sep/Oct Window,,,0
D_20260925,9/25/2026,5:00:00 PM,8,25,9,2026,FRI,1,0,0,International Break - Sep/Oct Window,,,0
D_20260925,9/25/2026,8:00:00 PM,8,25,9,2026,FRI,1,0,0,International Break - Sep/Oct Window,,,0
D_20260925,9/25/2026,10:00:00 PM,8,25,9,2026,FRI,1,0,0,International Break - Sep/Oct Window,,,0
D_20260926,9/26/2026,5:00:00 PM,8,26,9,2026,SAT,1,0,0,International Break - Sep/Oct Window,,,0
D_20260926,9/26/2026,8:00:00 PM,8,26,9,2026,SAT,1,0,0,International Break - Sep/Oct Window,,,0
D_20260926,9/26/2026,10:00:00 PM,8,26,9,2026,SAT,1,0,0,International Break - Sep/Oct Window,,,0
D_20260927,9/27/2026,5:00:00 PM,9,27,9,2026,SUN,1,0,0,International Break - Sep/Oct Window,,,0
D_20260927,9/27/2026,8:00:00 PM,9,27,9,2026,SUN,1,0,0,International Break - Sep/Oct Window,,,0
D_20260927,9/27/2026,10:00:00 PM,9,27,9,2026,SUN,1,0,0,International Break - Sep/Oct Window,,,0
D_20260928,9/28/2026,5:00:00 PM,9,28,9,2026,MON,1,0,0,International Break - Sep/Oct Window,,,0
D_20260928,9/28/2026,8:00:00 PM,9,28,9,2026,MON,1,0,0,International Break - Sep/Oct Window,,,0
D_20260928,9/28/2026,10:00:00 PM,9,28,9,2026,MON,1,0,0,International Break - Sep/Oct Window,,,0
D_20260929,9/29/2026,5:00:00 PM,9,29,9,2026,TUE,1,0,0,International Break - Sep/Oct Window,,,0
D_20260929,9/29/2026,8:00:00 PM,9,29,9,2026,TUE,1,0,0,International Break - Sep/Oct Window,,,0
D_20260929,9/29/2026,10:00:00 PM,9,29,9,2026,TUE,1,0,0,International Break - Sep/Oct Window,,,0
D_20260930,9/30/2026,5:00:00 PM,9,30,9,2026,WED,1,0,0,International Break - Sep/Oct Window,,,0
D_20260930,9/30/2026,8:00:00 PM,9,30,9,2026,WED,1,0,0,International Break - Sep/Oct Window,,,0
D_20260930,9/30/2026,10:00:00 PM,9,30,9,2026,WED,1,0,0,International Break - Sep/Oct Window,,,0
D_20261001,10/1/2026,5:00:00 PM,9,1,10,2026,THU,1,0,0,International Break - Sep/Oct Window,,,0
D_20261001,10/1/2026,8:00:00 PM,9,1,10,2026,THU,1,0,0,International Break - Sep/Oct Window,,,0
D_20261001,10/1/2026,10:00:00 PM,9,1,10,2026,THU,1,0,0,International Break - Sep/Oct Window,,,0
D_20261002,10/2/2026,5:00:00 PM,9,2,10,2026,FRI,1,0,0,International Break - Sep/Oct Window,,,0
D_20261002,10/2/2026,8:00:00 PM,9,2,10,2026,FRI,1,0,0,International Break - Sep/Oct Window,,,0
D_20261002,10/2/2026,10:00:00 PM,9,2,10,2026,FRI,1,0,0,International Break - Sep/Oct Window,,,0
D_20261003,10/3/2026,5:00:00 PM,9,3,10,2026,SAT,1,0,0,International Break - Sep/Oct Window,,,0
D_20261003,10/3/2026,8:00:00 PM,9,3,10,2026,SAT,1,0,0,International Break - Sep/Oct Window,,,0
D_20261003,10/3/2026,10:00:00 PM,9,3,10,2026,SAT,1,0,0,International Break - Sep/Oct Window,,,0
D_20261004,10/4/2026,5:00:00 PM,10,4,10,2026,SUN,1,0,0,International Break - Sep/Oct Window,,,0
D_20261004,10/4/2026,8:00:00 PM,10,4,10,2026,SUN,1,0,0,International Break - Sep/Oct Window,,,0
D_20261004,10/4/2026,10:00:00 PM,10,4,10,2026,SUN,1,0,0,International Break - Sep/Oct Window,,,0
D_20261005,10/5/2026,5:00:00 PM,10,5,10,2026,MON,1,0,0,International Break - Sep/Oct Window,,,0
D_20261005,10/5/2026,8:00:00 PM,10,5,10,2026,MON,1,0,0,International Break - Sep/Oct Window,,,0
D_20261005,10/5/2026,10:00:00 PM,10,5,10,2026,MON,1,0,0,International Break - Sep/Oct Window,,,0
D_20261006,10/6/2026,5:00:00 PM,10,6,10,2026,TUE,1,0,0,International Break - Sep/Oct Window,,,0
D_20261006,10/6/2026,8:00:00 PM,10,6,10,2026,TUE,1,0,0,International Break - Sep/Oct Window,,,0
D_20261006,10/6/2026,10:00:00 PM,10,6,10,2026,TUE,1,0,0,International Break - Sep/Oct Window,,,0
D_20261007,10/7/2026,5:00:00 PM,10,7,10,2026,WED,0,0,0,,,,0
D_20261007,10/7/2026,8:00:00 PM,10,7,10,2026,WED,0,0,0,,,,0
D_20261007,10/7/2026,10:00:00 PM,10,7,10,2026,WED,0,0,0,,,,0
D_20261008,10/8/2026,5:00:00 PM,10,8,10,2026,THU,0,0,0,,,,0
D_20261008,10/8/2026,8:00:00 PM,10,8,10,2026,THU,0,0,0,,,,0
D_20261008,10/8/2026,10:00:00 PM,10,8,10,2026,THU,0,0,0,,,,0
D_20261009,10/9/2026,5:00:00 PM,10,9,10,2026,FRI,0,0,0,,,,0
D_20261009,10/9/2026,8:00:00 PM,10,9,10,2026,FRI,0,0,0,,,,0
D_20261009,10/9/2026,10:00:00 PM,10,9,10,2026,FRI,0,0,0,,,,0
D_20261010,10/10/2026,5:00:00 PM,10,10,10,2026,SAT,0,0,0,,,,0
D_20261010,10/10/2026,8:00:00 PM,10,10,10,2026,SAT,0,0,0,,,,0
D_20261010,10/10/2026,10:00:00 PM,10,10,10,2026,SAT,0,0,0,,,,0
D_20261011,10/11/2026,5:00:00 PM,11,11,10,2026,SUN,0,0,0,,,,0
D_20261011,10/11/2026,8:00:00 PM,11,11,10,2026,SUN,0,0,0,,,,0
D_20261011,10/11/2026,10:00:00 PM,11,11,10,2026,SUN,0,0,0,,,,0
D_20261012,10/12/2026,5:00:00 PM,11,12,10,2026,MON,0,0,0,,,,0
D_20261012,10/12/2026,8:00:00 PM,11,12,10,2026,MON,0,0,0,,,,0
D_20261012,10/12/2026,10:00:00 PM,11,12,10,2026,MON,0,0,0,,,,0
D_20261013,10/13/2026,5:00:00 PM,11,13,10,2026,TUE,0,0,0,,,,0
D_20261013,10/13/2026,8:00:00 PM,11,13,10,2026,TUE,0,0,0,,,,0
D_20261013,10/13/2026,10:00:00 PM,11,13,10,2026,TUE,0,0,0,,,,0
D_20261014,10/14/2026,5:00:00 PM,11,14,10,2026,WED,0,0,0,,,,0
D_20261014,10/14/2026,8:00:00 PM,11,14,10,2026,WED,0,0,0,,,,0
D_20261014,10/14/2026,10:00:00 PM,11,14,10,2026,WED,0,0,0,,,,0
D_20261015,10/15/2026,5:00:00 PM,11,15,10,2026,THU,0,0,0,,,,0
D_20261015,10/15/2026,8:00:00 PM,11,15,10,2026,THU,0,0,0,,,,0
D_20261015,10/15/2026,10:00:00 PM,11,15,10,2026,THU,0,0,0,,,,0
D_20261016,10/16/2026,5:00:00 PM,11,16,10,2026,FRI,0,0,0,,,,0
D_20261016,10/16/2026,8:00:00 PM,11,16,10,2026,FRI,0,0,0,,,,0
D_20261016,10/16/2026,10:00:00 PM,11,16,10,2026,FRI,0,0,0,,,,0
D_20261017,10/17/2026,5:00:00 PM,11,17,10,2026,SAT,0,0,0,,,,0
D_20261017,10/17/2026,8:00:00 PM,11,17,10,2026,SAT,0,0,0,,,,0
D_20261017,10/17/2026,10:00:00 PM,11,17,10,2026,SAT,0,0,0,,,,0
D_20261018,10/18/2026,5:00:00 PM,12,18,10,2026,SUN,0,0,0,,,,0
D_20261018,10/18/2026,8:00:00 PM,12,18,10,2026,SUN,0,0,0,,,,0
D_20261018,10/18/2026,10:00:00 PM,12,18,10,2026,SUN,0,0,0,,,,0
D_20261019,10/19/2026,5:00:00 PM,12,19,10,2026,MON,0,0,0,,,,0
D_20261019,10/19/2026,8:00:00 PM,12,19,10,2026,MON,0,0,0,,,,0
D_20261019,10/19/2026,10:00:00 PM,12,19,10,2026,MON,0,0,0,,,,0
D_20261020,10/20/2026,5:00:00 PM,12,20,10,2026,TUE,0,0,0,,,,0
D_20261020,10/20/2026,8:00:00 PM,12,20,10,2026,TUE,0,0,0,,,,0
D_20261020,10/20/2026,10:00:00 PM,12,20,10,2026,TUE,0,0,0,,,,0
D_20261021,10/21/2026,5:00:00 PM,12,21,10,2026,WED,0,0,0,,,,0
D_20261021,10/21/2026,8:00:00 PM,12,21,10,2026,WED,0,0,0,,,,0
D_20261021,10/21/2026,10:00:00 PM,12,21,10,2026,WED,0,0,0,,,,0
D_20261022,10/22/2026,5:00:00 PM,12,22,10,2026,THU,0,0,0,,,,0
D_20261022,10/22/2026,8:00:00 PM,12,22,10,2026,THU,0,0,0,,,,0
D_20261022,10/22/2026,10:00:00 PM,12,22,10,2026,THU,0,0,0,,,,0
D_20261023,10/23/2026,5:00:00 PM,12,23,10,2026,FRI,0,0,0,,,,0
D_20261023,10/23/2026,8:00:00 PM,12,23,10,2026,FRI,0,0,0,,,,0
D_20261023,10/23/2026,10:00:00 PM,12,23,10,2026,FRI,0,0,0,,,,0
D_20261024,10/24/2026,5:00:00 PM,12,24,10,2026,SAT,0,0,0,,,,0
D_20261024,10/24/2026,8:00:00 PM,12,24,10,2026,SAT,0,0,0,,,,0
D_20261024,10/24/2026,10:00:00 PM,12,24,10,2026,SAT,0,0,0,,,,0
D_20261025,10/25/2026,5:00:00 PM,13,25,10,2026,SUN,0,0,0,,,,0
D_20261025,10/25/2026,8:00:00 PM,13,25,10,2026,SUN,0,0,0,,,,0
D_20261025,10/25/2026,10:00:00 PM,13,25,10,2026,SUN,0,0,0,,,,0
D_20261026,10/26/2026,5:00:00 PM,13,26,10,2026,MON,0,0,0,,,,0
D_20261026,10/26/2026,8:00:00 PM,13,26,10,2026,MON,0,0,0,,,,0
D_20261026,10/26/2026,10:00:00 PM,13,26,10,2026,MON,0,0,0,,,,0
D_20261027,10/27/2026,5:00:00 PM,13,27,10,2026,TUE,0,0,0,,,,0
D_20261027,10/27/2026,8:00:00 PM,13,27,10,2026,TUE,0,0,0,,,,0
D_20261027,10/27/2026,10:00:00 PM,13,27,10,2026,TUE,0,0,0,,,,0
D_20261028,10/28/2026,5:00:00 PM,13,28,10,2026,WED,0,0,0,,,,0
D_20261028,10/28/2026,8:00:00 PM,13,28,10,2026,WED,0,0,0,,,,0
D_20261028,10/28/2026,10:00:00 PM,13,28,10,2026,WED,0,0,0,,,,0
D_20261029,10/29/2026,5:00:00 PM,13,29,10,2026,THU,0,0,0,,,,0
D_20261029,10/29/2026,8:00:00 PM,13,29,10,2026,THU,0,0,0,,,,0
D_20261029,10/29/2026,10:00:00 PM,13,29,10,2026,THU,0,0,0,,,,0
D_20261030,10/30/2026,5:00:00 PM,13,30,10,2026,FRI,0,0,0,,,,0
D_20261030,10/30/2026,8:00:00 PM,13,30,10,2026,FRI,0,0,0,,,,0
D_20261030,10/30/2026,10:00:00 PM,13,30,10,2026,FRI,0,0,0,,,,0
D_20261031,10/31/2026,5:00:00 PM,13,31,10,2026,SAT,0,0,0,,,,0
D_20261031,10/31/2026,8:00:00 PM,13,31,10,2026,SAT,0,0,0,,,,0
D_20261031,10/31/2026,10:00:00 PM,13,31,10,2026,SAT,0,0,0,,,,0
D_20261101,11/1/2026,5:00:00 PM,14,1,11,2026,SUN,0,0,0,,,,0
D_20261101,11/1/2026,8:00:00 PM,14,1,11,2026,SUN,0,0,0,,,,0
D_20261101,11/1/2026,10:00:00 PM,14,1,11,2026,SUN,0,0,0,,,,0
D_20261102,11/2/2026,5:00:00 PM,14,2,11,2026,MON,0,0,0,,,,0
D_20261102,11/2/2026,8:00:00 PM,14,2,11,2026,MON,0,0,0,,,,0
D_20261102,11/2/2026,10:00:00 PM,14,2,11,2026,MON,0,0,0,,,,0
D_20261103,11/3/2026,5:00:00 PM,14,3,11,2026,TUE,0,0,0,,,,0
D_20261103,11/3/2026,8:00:00 PM,14,3,11,2026,TUE,0,0,0,,,,0
D_20261103,11/3/2026,10:00:00 PM,14,3,11,2026,TUE,0,0,0,,,,0
D_20261104,11/4/2026,5:00:00 PM,14,4,11,2026,WED,0,0,0,,,,0
D_20261104,11/4/2026,8:00:00 PM,14,4,11,2026,WED,0,0,0,,,,0
D_20261104,11/4/2026,10:00:00 PM,14,4,11,2026,WED,0,0,0,,,,0
D_20261105,11/5/2026,5:00:00 PM,14,5,11,2026,THU,0,0,0,,,,0
D_20261105,11/5/2026,8:00:00 PM,14,5,11,2026,THU,0,0,0,,,,0
D_20261105,11/5/2026,10:00:00 PM,14,5,11,2026,THU,0,0,0,,,,0
D_20261106,11/6/2026,5:00:00 PM,14,6,11,2026,FRI,0,0,0,,,,0
D_20261106,11/6/2026,8:00:00 PM,14,6,11,2026,FRI,0,0,0,,,,0
D_20261106,11/6/2026,10:00:00 PM,14,6,11,2026,FRI,0,0,0,,,,0
D_20261107,11/7/2026,5:00:00 PM,14,7,11,2026,SAT,0,0,0,,,,0
D_20261107,11/7/2026,8:00:00 PM,14,7,11,2026,SAT,0,0,0,,,,0
D_20261107,11/7/2026,10:00:00 PM,14,7,11,2026,SAT,0,0,0,,,,0
D_20261108,11/8/2026,5:00:00 PM,15,8,11,2026,SUN,0,0,0,,,,0
D_20261108,11/8/2026,8:00:00 PM,15,8,11,2026,SUN,0,0,0,,,,0
D_20261108,11/8/2026,10:00:00 PM,15,8,11,2026,SUN,0,0,0,,,,0
D_20261109,11/9/2026,5:00:00 PM,15,9,11,2026,MON,1,0,0,International Break - November Window,,,0
D_20261109,11/9/2026,8:00:00 PM,15,9,11,2026,MON,1,0,0,International Break - November Window,,,0
D_20261109,11/9/2026,10:00:00 PM,15,9,11,2026,MON,1,0,0,International Break - November Window,,,0
D_20261110,11/10/2026,5:00:00 PM,15,10,11,2026,TUE,1,0,0,International Break - November Window,,,0
D_20261110,11/10/2026,8:00:00 PM,15,10,11,2026,TUE,1,0,0,International Break - November Window,,,0
D_20261110,11/10/2026,10:00:00 PM,15,10,11,2026,TUE,1,0,0,International Break - November Window,,,0
D_20261111,11/11/2026,5:00:00 PM,15,11,11,2026,WED,1,0,0,International Break - November Window,,,0
D_20261111,11/11/2026,8:00:00 PM,15,11,11,2026,WED,1,0,0,International Break - November Window,,,0
D_20261111,11/11/2026,10:00:00 PM,15,11,11,2026,WED,1,0,0,International Break - November Window,,,0
D_20261112,11/12/2026,5:00:00 PM,15,12,11,2026,THU,1,0,0,International Break - November Window,,,0
D_20261112,11/12/2026,8:00:00 PM,15,12,11,2026,THU,1,0,0,International Break - November Window,,,0
D_20261112,11/12/2026,10:00:00 PM,15,12,11,2026,THU,1,0,0,International Break - November Window,,,0
D_20261113,11/13/2026,5:00:00 PM,15,13,11,2026,FRI,1,0,0,International Break - November Window,,,0
D_20261113,11/13/2026,8:00:00 PM,15,13,11,2026,FRI,1,0,0,International Break - November Window,,,0
D_20261113,11/13/2026,10:00:00 PM,15,13,11,2026,FRI,1,0,0,International Break - November Window,,,0
D_20261114,11/14/2026,5:00:00 PM,15,14,11,2026,SAT,1,0,0,International Break - November Window,,,0
D_20261114,11/14/2026,8:00:00 PM,15,14,11,2026,SAT,1,0,0,International Break - November Window,,,0
D_20261114,11/14/2026,10:00:00 PM,15,14,11,2026,SAT,1,0,0,International Break - November Window,,,0
D_20261115,11/15/2026,5:00:00 PM,16,15,11,2026,SUN,1,0,0,International Break - November Window,,,0
D_20261115,11/15/2026,8:00:00 PM,16,15,11,2026,SUN,1,0,0,International Break - November Window,,,0
D_20261115,11/15/2026,10:00:00 PM,16,15,11,2026,SUN,1,0,0,International Break - November Window,,,0
D_20261116,11/16/2026,5:00:00 PM,16,16,11,2026,MON,1,0,0,International Break - November Window,,,0
D_20261116,11/16/2026,8:00:00 PM,16,16,11,2026,MON,1,0,0,International Break - November Window,,,0
D_20261116,11/16/2026,10:00:00 PM,16,16,11,2026,MON,1,0,0,International Break - November Window,,,0
D_20261117,11/17/2026,5:00:00 PM,16,17,11,2026,TUE,1,0,0,International Break - November Window,,,0
D_20261117,11/17/2026,8:00:00 PM,16,17,11,2026,TUE,1,0,0,International Break - November Window,,,0
D_20261117,11/17/2026,10:00:00 PM,16,17,11,2026,TUE,1,0,0,International Break - November Window,,,0
D_20261118,11/18/2026,5:00:00 PM,16,18,11,2026,WED,0,0,0,,,,0
D_20261118,11/18/2026,8:00:00 PM,16,18,11,2026,WED,0,0,0,,,,0
D_20261118,11/18/2026,10:00:00 PM,16,18,11,2026,WED,0,0,0,,,,0
D_20261119,11/19/2026,5:00:00 PM,16,19,11,2026,THU,0,0,0,,,,0
D_20261119,11/19/2026,8:00:00 PM,16,19,11,2026,THU,0,0,0,,,,0
D_20261119,11/19/2026,10:00:00 PM,16,19,11,2026,THU,0,0,0,,,,0
D_20261120,11/20/2026,5:00:00 PM,16,20,11,2026,FRI,0,0,0,,,,0
D_20261120,11/20/2026,8:00:00 PM,16,20,11,2026,FRI,0,0,0,,,,0
D_20261120,11/20/2026,10:00:00 PM,16,20,11,2026,FRI,0,0,0,,,,0
D_20261121,11/21/2026,5:00:00 PM,16,21,11,2026,SAT,0,0,0,,,,0
D_20261121,11/21/2026,8:00:00 PM,16,21,11,2026,SAT,0,0,0,,,,0
D_20261121,11/21/2026,10:00:00 PM,16,21,11,2026,SAT,0,0,0,,,,0
D_20261122,11/22/2026,5:00:00 PM,17,22,11,2026,SUN,0,0,0,,,,0
D_20261122,11/22/2026,8:00:00 PM,17,22,11,2026,SUN,0,0,0,,,,0
D_20261122,11/22/2026,10:00:00 PM,17,22,11,2026,SUN,0,0,0,,,,0
D_20261123,11/23/2026,5:00:00 PM,17,23,11,2026,MON,0,0,0,,,,0
D_20261123,11/23/2026,8:00:00 PM,17,23,11,2026,MON,0,0,0,,,,0
D_20261123,11/23/2026,10:00:00 PM,17,23,11,2026,MON,0,0,0,,,,0
D_20261124,11/24/2026,5:00:00 PM,17,24,11,2026,TUE,0,0,0,,,,0
D_20261124,11/24/2026,8:00:00 PM,17,24,11,2026,TUE,0,0,0,,,,0
D_20261124,11/24/2026,10:00:00 PM,17,24,11,2026,TUE,0,0,0,,,,0
D_20261125,11/25/2026,5:00:00 PM,17,25,11,2026,WED,0,0,0,,,,0
D_20261125,11/25/2026,8:00:00 PM,17,25,11,2026,WED,0,0,0,,,,0
D_20261125,11/25/2026,10:00:00 PM,17,25,11,2026,WED,0,0,0,,,,0
D_20261126,11/26/2026,5:00:00 PM,17,26,11,2026,THU,0,1,0,,Group Stage - Matchday 1,,0
D_20261126,11/26/2026,8:00:00 PM,17,26,11,2026,THU,0,1,0,,Group Stage - Matchday 1,,0
D_20261126,11/26/2026,10:00:00 PM,17,26,11,2026,THU,0,1,0,,Group Stage - Matchday 1,,0
D_20261127,11/27/2026,5:00:00 PM,17,27,11,2026,FRI,0,1,0,,Group Stage - Matchday 1,Group Stage - Matchday 1,0
D_20261127,11/27/2026,8:00:00 PM,17,27,11,2026,FRI,0,1,0,,Group Stage - Matchday 1,Group Stage - Matchday 1,0
D_20261127,11/27/2026,10:00:00 PM,17,27,11,2026,FRI,0,1,0,,Group Stage - Matchday 1,Group Stage - Matchday 1,0
D_20261128,11/28/2026,5:00:00 PM,17,28,11,2026,SAT,0,0,0,,,,0
D_20261128,11/28/2026,8:00:00 PM,17,28,11,2026,SAT,0,0,0,,,,0
D_20261128,11/28/2026,10:00:00 PM,17,28,11,2026,SAT,0,0,0,,,,0
D_20261129,11/29/2026,5:00:00 PM,18,29,11,2026,SUN,0,0,0,,,,0
D_20261129,11/29/2026,8:00:00 PM,18,29,11,2026,SUN,0,0,0,,,,0
D_20261129,11/29/2026,10:00:00 PM,18,29,11,2026,SUN,0,0,0,,,,0
D_20261130,11/30/2026,5:00:00 PM,18,30,11,2026,MON,0,0,0,,,,0
D_20261130,11/30/2026,8:00:00 PM,18,30,11,2026,MON,0,0,0,,,,0
D_20261130,11/30/2026,10:00:00 PM,18,30,11,2026,MON,0,0,0,,,,0
D_20261201,12/1/2026,5:00:00 PM,18,1,12,2026,TUE,0,0,0,,,,0
D_20261201,12/1/2026,8:00:00 PM,18,1,12,2026,TUE,0,0,0,,,,0
D_20261201,12/1/2026,10:00:00 PM,18,1,12,2026,TUE,0,0,0,,,,0
D_20261202,12/2/2026,5:00:00 PM,18,2,12,2026,WED,0,0,0,,,,0
D_20261202,12/2/2026,8:00:00 PM,18,2,12,2026,WED,0,0,0,,,,0
D_20261202,12/2/2026,10:00:00 PM,18,2,12,2026,WED,0,0,0,,,,0
D_20261203,12/3/2026,5:00:00 PM,18,3,12,2026,THU,0,0,0,,,,0
D_20261203,12/3/2026,8:00:00 PM,18,3,12,2026,THU,0,0,0,,,,0
D_20261203,12/3/2026,10:00:00 PM,18,3,12,2026,THU,0,0,0,,,,0
D_20261204,12/4/2026,5:00:00 PM,18,4,12,2026,FRI,0,0,0,,,,0
D_20261204,12/4/2026,8:00:00 PM,18,4,12,2026,FRI,0,0,0,,,,0
D_20261204,12/4/2026,10:00:00 PM,18,4,12,2026,FRI,0,0,0,,,,0
D_20261205,12/5/2026,5:00:00 PM,18,5,12,2026,SAT,0,0,0,,,,0
D_20261205,12/5/2026,8:00:00 PM,18,5,12,2026,SAT,0,0,0,,,,0
D_20261205,12/5/2026,10:00:00 PM,18,5,12,2026,SAT,0,0,0,,,,0
D_20261206,12/6/2026,5:00:00 PM,19,6,12,2026,SUN,0,1,0,,Group Stage - Matchday 2,,0
D_20261206,12/6/2026,8:00:00 PM,19,6,12,2026,SUN,0,1,0,,Group Stage - Matchday 2,,0
D_20261206,12/6/2026,10:00:00 PM,19,6,12,2026,SUN,0,1,0,,Group Stage - Matchday 2,,0
D_20261207,12/7/2026,5:00:00 PM,19,7,12,2026,MON,0,1,0,,Group Stage - Matchday 2,,0
D_20261207,12/7/2026,8:00:00 PM,19,7,12,2026,MON,0,1,0,,Group Stage - Matchday 2,,0
D_20261207,12/7/2026,10:00:00 PM,19,7,12,2026,MON,0,1,0,,Group Stage - Matchday 2,,0
D_20261208,12/8/2026,5:00:00 PM,19,8,12,2026,TUE,0,1,0,,Group Stage - Matchday 2,Group Stage - Matchday 2,0
D_20261208,12/8/2026,8:00:00 PM,19,8,12,2026,TUE,0,1,0,,Group Stage - Matchday 2,Group Stage - Matchday 2,0
D_20261208,12/8/2026,10:00:00 PM,19,8,12,2026,TUE,0,1,0,,Group Stage - Matchday 2,Group Stage - Matchday 2,0
D_20261209,12/9/2026,5:00:00 PM,19,9,12,2026,WED,0,0,0,,,,0
D_20261209,12/9/2026,8:00:00 PM,19,9,12,2026,WED,0,0,0,,,,0
D_20261209,12/9/2026,10:00:00 PM,19,9,12,2026,WED,0,0,0,,,,0
D_20261210,12/10/2026,5:00:00 PM,19,10,12,2026,THU,0,0,0,,,,0
D_20261210,12/10/2026,8:00:00 PM,19,10,12,2026,THU,0,0,0,,,,0
D_20261210,12/10/2026,10:00:00 PM,19,10,12,2026,THU,0,0,0,,,,0
D_20261211,12/11/2026,5:00:00 PM,19,11,12,2026,FRI,0,0,0,,,,0
D_20261211,12/11/2026,8:00:00 PM,19,11,12,2026,FRI,0,0,0,,,,0
D_20261211,12/11/2026,10:00:00 PM,19,11,12,2026,FRI,0,0,0,,,,0
D_20261212,12/12/2026,5:00:00 PM,19,12,12,2026,SAT,0,0,0,,,,0
D_20261212,12/12/2026,8:00:00 PM,19,12,12,2026,SAT,0,0,0,,,,0
D_20261212,12/12/2026,10:00:00 PM,19,12,12,2026,SAT,0,0,0,,,,0
D_20261213,12/13/2026,5:00:00 PM,20,13,12,2026,SUN,0,1,0,,Group Stage - Matchday 3,,0
D_20261213,12/13/2026,8:00:00 PM,20,13,12,2026,SUN,0,1,0,,Group Stage - Matchday 3,,0
D_20261213,12/13/2026,10:00:00 PM,20,13,12,2026,SUN,0,1,0,,Group Stage - Matchday 3,,0
D_20261214,12/14/2026,5:00:00 PM,20,14,12,2026,MON,0,1,0,,Group Stage - Matchday 3,,0
D_20261214,12/14/2026,8:00:00 PM,20,14,12,2026,MON,0,1,0,,Group Stage - Matchday 3,,0
D_20261214,12/14/2026,10:00:00 PM,20,14,12,2026,MON,0,1,0,,Group Stage - Matchday 3,,0
D_20261215,12/15/2026,5:00:00 PM,20,15,12,2026,TUE,0,1,0,,Group Stage - Matchday 3,Group Stage - Matchday 3,0
D_20261215,12/15/2026,8:00:00 PM,20,15,12,2026,TUE,0,1,0,,Group Stage - Matchday 3,Group Stage - Matchday 3,0
D_20261215,12/15/2026,10:00:00 PM,20,15,12,2026,TUE,0,1,0,,Group Stage - Matchday 3,Group Stage - Matchday 3,0
D_20261216,12/16/2026,5:00:00 PM,20,16,12,2026,WED,0,0,0,,,,0
D_20261216,12/16/2026,8:00:00 PM,20,16,12,2026,WED,0,0,0,,,,0
D_20261216,12/16/2026,10:00:00 PM,20,16,12,2026,WED,0,0,0,,,,0
D_20261217,12/17/2026,5:00:00 PM,20,17,12,2026,THU,0,0,0,,,,0
D_20261217,12/17/2026,8:00:00 PM,20,17,12,2026,THU,0,0,0,,,,0
D_20261217,12/17/2026,10:00:00 PM,20,17,12,2026,THU,0,0,0,,,,0
D_20261218,12/18/2026,5:00:00 PM,20,18,12,2026,FRI,0,0,0,,,,0
D_20261218,12/18/2026,8:00:00 PM,20,18,12,2026,FRI,0,0,0,,,,0
D_20261218,12/18/2026,10:00:00 PM,20,18,12,2026,FRI,0,0,0,,,,0
D_20261219,12/19/2026,5:00:00 PM,20,19,12,2026,SAT,0,0,0,,,,0
D_20261219,12/19/2026,8:00:00 PM,20,19,12,2026,SAT,0,0,0,,,,0
D_20261219,12/19/2026,10:00:00 PM,20,19,12,2026,SAT,0,0,0,,,,0
D_20261220,12/20/2026,5:00:00 PM,21,20,12,2026,SUN,0,0,0,,,,0
D_20261220,12/20/2026,8:00:00 PM,21,20,12,2026,SUN,0,0,0,,,,0
D_20261220,12/20/2026,10:00:00 PM,21,20,12,2026,SUN,0,0,0,,,,0
D_20261221,12/21/2026,2:30:00 PM,21,21,12,2026,MON,0,0,0,,,,0
D_20261221,12/21/2026,5:00:00 PM,21,21,12,2026,MON,0,0,0,,,,0
D_20261221,12/21/2026,7:00:00 PM,21,21,12,2026,MON,0,0,0,,,,0
D_20261221,12/21/2026,9:00:00 PM,21,21,12,2026,MON,0,0,0,,,,0
D_20261222,12/22/2026,2:30:00 PM,21,22,12,2026,TUE,0,0,0,,,,0
D_20261222,12/22/2026,5:00:00 PM,21,22,12,2026,TUE,0,0,0,,,,0
D_20261222,12/22/2026,7:00:00 PM,21,22,12,2026,TUE,0,0,0,,,,0
D_20261222,12/22/2026,9:00:00 PM,21,22,12,2026,TUE,0,0,0,,,,0
D_20261223,12/23/2026,2:30:00 PM,21,23,12,2026,WED,0,0,0,,,,0
D_20261223,12/23/2026,5:00:00 PM,21,23,12,2026,WED,0,0,0,,,,0
D_20261223,12/23/2026,7:00:00 PM,21,23,12,2026,WED,0,0,0,,,,0
D_20261223,12/23/2026,9:00:00 PM,21,23,12,2026,WED,0,0,0,,,,0
D_20261224,12/24/2026,2:30:00 PM,21,24,12,2026,THU,0,0,0,,,,0
D_20261224,12/24/2026,5:00:00 PM,21,24,12,2026,THU,0,0,0,,,,0
D_20261224,12/24/2026,7:00:00 PM,21,24,12,2026,THU,0,0,0,,,,0
D_20261224,12/24/2026,9:00:00 PM,21,24,12,2026,THU,0,0,0,,,,0
D_20261225,12/25/2026,2:30:00 PM,21,25,12,2026,FRI,0,0,0,,,,0
D_20261225,12/25/2026,5:00:00 PM,21,25,12,2026,FRI,0,0,0,,,,0
D_20261225,12/25/2026,7:00:00 PM,21,25,12,2026,FRI,0,0,0,,,,0
D_20261225,12/25/2026,9:00:00 PM,21,25,12,2026,FRI,0,0,0,,,,0
D_20261226,12/26/2026,2:30:00 PM,21,26,12,2026,SAT,0,0,0,,,,0
D_20261226,12/26/2026,5:00:00 PM,21,26,12,2026,SAT,0,0,0,,,,0
D_20261226,12/26/2026,7:00:00 PM,21,26,12,2026,SAT,0,0,0,,,,0
D_20261226,12/26/2026,9:00:00 PM,21,26,12,2026,SAT,0,0,0,,,,0
D_20261227,12/27/2026,2:30:00 PM,22,27,12,2026,SUN,0,0,0,,,,0
D_20261227,12/27/2026,5:00:00 PM,22,27,12,2026,SUN,0,0,0,,,,0
D_20261227,12/27/2026,7:00:00 PM,22,27,12,2026,SUN,0,0,0,,,,0
D_20261227,12/27/2026,9:00:00 PM,22,27,12,2026,SUN,0,0,0,,,,0
D_20261228,12/28/2026,2:30:00 PM,22,28,12,2026,MON,0,0,0,,,,0
D_20261228,12/28/2026,5:00:00 PM,22,28,12,2026,MON,0,0,0,,,,0
D_20261228,12/28/2026,7:00:00 PM,22,28,12,2026,MON,0,0,0,,,,0
D_20261228,12/28/2026,9:00:00 PM,22,28,12,2026,MON,0,0,0,,,,0
D_20261229,12/29/2026,2:30:00 PM,22,29,12,2026,TUE,0,0,0,,,,0
D_20261229,12/29/2026,5:00:00 PM,22,29,12,2026,TUE,0,0,0,,,,0
D_20261229,12/29/2026,7:00:00 PM,22,29,12,2026,TUE,0,0,0,,,,0
D_20261229,12/29/2026,9:00:00 PM,22,29,12,2026,TUE,0,0,0,,,,0
D_20261230,12/30/2026,2:30:00 PM,22,30,12,2026,WED,0,0,0,,,,0
D_20261230,12/30/2026,5:00:00 PM,22,30,12,2026,WED,0,0,0,,,,0
D_20261230,12/30/2026,7:00:00 PM,22,30,12,2026,WED,0,0,0,,,,0
D_20261230,12/30/2026,9:00:00 PM,22,30,12,2026,WED,0,0,0,,,,0
D_20261231,12/31/2026,2:30:00 PM,22,31,12,2026,THU,0,0,0,,,,0
D_20261231,12/31/2026,5:00:00 PM,22,31,12,2026,THU,0,0,0,,,,0
D_20261231,12/31/2026,7:00:00 PM,22,31,12,2026,THU,0,0,0,,,,0
D_20261231,12/31/2026,9:00:00 PM,22,31,12,2026,THU,0,0,0,,,,0
D_20270101,1/1/2027,2:30:00 PM,22,1,1,2027,FRI,0,0,0,,,,0
D_20270101,1/1/2027,5:00:00 PM,22,1,1,2027,FRI,0,0,0,,,,0
D_20270101,1/1/2027,7:00:00 PM,22,1,1,2027,FRI,0,0,0,,,,0
D_20270101,1/1/2027,9:00:00 PM,22,1,1,2027,FRI,0,0,0,,,,0
D_20270102,1/2/2027,2:30:00 PM,22,2,1,2027,SAT,0,0,0,,,,0
D_20270102,1/2/2027,5:00:00 PM,22,2,1,2027,SAT,0,0,0,,,,0
D_20270102,1/2/2027,7:00:00 PM,22,2,1,2027,SAT,0,0,0,,,,0
D_20270102,1/2/2027,9:00:00 PM,22,2,1,2027,SAT,0,0,0,,,,0
D_20270103,1/3/2027,2:30:00 PM,23,3,1,2027,SUN,0,1,0,,Group Stage - Matchday 4,,0
D_20270103,1/3/2027,5:00:00 PM,23,3,1,2027,SUN,0,1,0,,Group Stage - Matchday 4,,0
D_20270103,1/3/2027,7:00:00 PM,23,3,1,2027,SUN,0,1,0,,Group Stage - Matchday 4,,0
D_20270103,1/3/2027,9:00:00 PM,23,3,1,2027,SUN,0,1,0,,Group Stage - Matchday 4,,0
D_20270104,1/4/2027,2:30:00 PM,23,4,1,2027,MON,0,1,0,,Group Stage - Matchday 4,,0
D_20270104,1/4/2027,5:00:00 PM,23,4,1,2027,MON,0,1,0,,Group Stage - Matchday 4,,0
D_20270104,1/4/2027,7:00:00 PM,23,4,1,2027,MON,0,1,0,,Group Stage - Matchday 4,,0
D_20270104,1/4/2027,9:00:00 PM,23,4,1,2027,MON,0,1,0,,Group Stage - Matchday 4,,0
D_20270105,1/5/2027,2:30:00 PM,23,5,1,2027,TUE,0,1,0,,Group Stage - Matchday 4,Group Stage - Matchday 4,0
D_20270105,1/5/2027,5:00:00 PM,23,5,1,2027,TUE,0,1,0,,Group Stage - Matchday 4,Group Stage - Matchday 4,0
D_20270105,1/5/2027,7:00:00 PM,23,5,1,2027,TUE,0,1,0,,Group Stage - Matchday 4,Group Stage - Matchday 4,0
D_20270105,1/5/2027,9:00:00 PM,23,5,1,2027,TUE,0,1,0,,Group Stage - Matchday 4,Group Stage - Matchday 4,0
D_20270106,1/6/2027,2:30:00 PM,23,6,1,2027,WED,0,0,0,,,,0
D_20270106,1/6/2027,5:00:00 PM,23,6,1,2027,WED,0,0,0,,,,0
D_20270106,1/6/2027,7:00:00 PM,23,6,1,2027,WED,0,0,0,,,,0
D_20270106,1/6/2027,9:00:00 PM,23,6,1,2027,WED,0,0,0,,,,0
D_20270107,1/7/2027,2:30:00 PM,23,7,1,2027,THU,0,0,0,,,,0
D_20270107,1/7/2027,5:00:00 PM,23,7,1,2027,THU,0,0,0,,,,0
D_20270107,1/7/2027,7:00:00 PM,23,7,1,2027,THU,0,0,0,,,,0
D_20270107,1/7/2027,9:00:00 PM,23,7,1,2027,THU,0,0,0,,,,0
D_20270108,1/8/2027,2:30:00 PM,23,8,1,2027,FRI,0,0,0,,,,0
D_20270108,1/8/2027,5:00:00 PM,23,8,1,2027,FRI,0,0,0,,,,0
D_20270108,1/8/2027,7:00:00 PM,23,8,1,2027,FRI,0,0,0,,,,0
D_20270108,1/8/2027,9:00:00 PM,23,8,1,2027,FRI,0,0,0,,,,0
D_20270109,1/9/2027,2:30:00 PM,23,9,1,2027,SAT,0,0,0,,,,0
D_20270109,1/9/2027,5:00:00 PM,23,9,1,2027,SAT,0,0,0,,,,0
D_20270109,1/9/2027,7:00:00 PM,23,9,1,2027,SAT,0,0,0,,,,0
D_20270109,1/9/2027,9:00:00 PM,23,9,1,2027,SAT,0,0,0,,,,0
D_20270110,1/10/2027,2:30:00 PM,24,10,1,2027,SUN,0,1,0,,Group Stage - Matchday 5,,0
D_20270110,1/10/2027,5:00:00 PM,24,10,1,2027,SUN,0,1,0,,Group Stage - Matchday 5,,0
D_20270110,1/10/2027,7:00:00 PM,24,10,1,2027,SUN,0,1,0,,Group Stage - Matchday 5,,0
D_20270110,1/10/2027,9:00:00 PM,24,10,1,2027,SUN,0,1,0,,Group Stage - Matchday 5,,0
D_20270111,1/11/2027,2:30:00 PM,24,11,1,2027,MON,0,1,0,,Group Stage - Matchday 5,,0
D_20270111,1/11/2027,5:00:00 PM,24,11,1,2027,MON,0,1,0,,Group Stage - Matchday 5,,0
D_20270111,1/11/2027,7:00:00 PM,24,11,1,2027,MON,0,1,0,,Group Stage - Matchday 5,,0
D_20270111,1/11/2027,9:00:00 PM,24,11,1,2027,MON,0,1,0,,Group Stage - Matchday 5,,0
D_20270112,1/12/2027,2:30:00 PM,24,12,1,2027,TUE,0,1,0,,Group Stage - Matchday 5,Group Stage - Matchday 5,0
D_20270112,1/12/2027,5:00:00 PM,24,12,1,2027,TUE,0,1,0,,Group Stage - Matchday 5,Group Stage - Matchday 5,0
D_20270112,1/12/2027,7:00:00 PM,24,12,1,2027,TUE,0,1,0,,Group Stage - Matchday 5,Group Stage - Matchday 5,0
D_20270112,1/12/2027,9:00:00 PM,24,12,1,2027,TUE,0,1,0,,Group Stage - Matchday 5,Group Stage - Matchday 5,0
D_20270113,1/13/2027,2:30:00 PM,24,13,1,2027,WED,0,0,0,,,,0
D_20270113,1/13/2027,5:00:00 PM,24,13,1,2027,WED,0,0,0,,,,0
D_20270113,1/13/2027,7:00:00 PM,24,13,1,2027,WED,0,0,0,,,,0
D_20270113,1/13/2027,9:00:00 PM,24,13,1,2027,WED,0,0,0,,,,0
D_20270114,1/14/2027,2:30:00 PM,24,14,1,2027,THU,0,0,0,,,,0
D_20270114,1/14/2027,5:00:00 PM,24,14,1,2027,THU,0,0,0,,,,0
D_20270114,1/14/2027,7:00:00 PM,24,14,1,2027,THU,0,0,0,,,,0
D_20270114,1/14/2027,9:00:00 PM,24,14,1,2027,THU,0,0,0,,,,0
D_20270115,1/15/2027,2:30:00 PM,24,15,1,2027,FRI,0,0,0,,,,0
D_20270115,1/15/2027,5:00:00 PM,24,15,1,2027,FRI,0,0,0,,,,0
D_20270115,1/15/2027,7:00:00 PM,24,15,1,2027,FRI,0,0,0,,,,0
D_20270115,1/15/2027,9:00:00 PM,24,15,1,2027,FRI,0,0,0,,,,0
D_20270116,1/16/2027,2:30:00 PM,24,16,1,2027,SAT,0,0,0,,,,0
D_20270116,1/16/2027,5:00:00 PM,24,16,1,2027,SAT,0,0,0,,,,0
D_20270116,1/16/2027,7:00:00 PM,24,16,1,2027,SAT,0,0,0,,,,0
D_20270116,1/16/2027,9:00:00 PM,24,16,1,2027,SAT,0,0,0,,,,0
D_20270117,1/17/2027,2:30:00 PM,25,17,1,2027,SUN,0,1,0,,Group Stage - Matchday 6,,0
D_20270117,1/17/2027,5:00:00 PM,25,17,1,2027,SUN,0,1,0,,Group Stage - Matchday 6,,0
D_20270117,1/17/2027,7:00:00 PM,25,17,1,2027,SUN,0,1,0,,Group Stage - Matchday 6,,0
D_20270117,1/17/2027,9:00:00 PM,25,17,1,2027,SUN,0,1,0,,Group Stage - Matchday 6,,0
D_20270118,1/18/2027,2:30:00 PM,25,18,1,2027,MON,0,1,0,,Group Stage - Matchday 6,,0
D_20270118,1/18/2027,5:00:00 PM,25,18,1,2027,MON,0,1,0,,Group Stage - Matchday 6,,0
D_20270118,1/18/2027,7:00:00 PM,25,18,1,2027,MON,0,1,0,,Group Stage - Matchday 6,,0
D_20270118,1/18/2027,9:00:00 PM,25,18,1,2027,MON,0,1,0,,Group Stage - Matchday 6,,0
D_20270119,1/19/2027,2:30:00 PM,25,19,1,2027,TUE,0,1,0,,Group Stage - Matchday 6,Group Stage - Matchday 6,0
D_20270119,1/19/2027,5:00:00 PM,25,19,1,2027,TUE,0,1,0,,Group Stage - Matchday 6,Group Stage - Matchday 6,0
D_20270119,1/19/2027,7:00:00 PM,25,19,1,2027,TUE,0,1,0,,Group Stage - Matchday 6,Group Stage - Matchday 6,0
D_20270119,1/19/2027,9:00:00 PM,25,19,1,2027,TUE,0,1,0,,Group Stage - Matchday 6,Group Stage - Matchday 6,0
D_20270120,1/20/2027,2:30:00 PM,25,20,1,2027,WED,0,0,0,,,,0
D_20270120,1/20/2027,5:00:00 PM,25,20,1,2027,WED,0,0,0,,,,0
D_20270120,1/20/2027,7:00:00 PM,25,20,1,2027,WED,0,0,0,,,,0
D_20270120,1/20/2027,9:00:00 PM,25,20,1,2027,WED,0,0,0,,,,0
D_20270121,1/21/2027,2:30:00 PM,25,21,1,2027,THU,0,0,0,,,,0
D_20270121,1/21/2027,5:00:00 PM,25,21,1,2027,THU,0,0,0,,,,0
D_20270121,1/21/2027,7:00:00 PM,25,21,1,2027,THU,0,0,0,,,,0
D_20270121,1/21/2027,9:00:00 PM,25,21,1,2027,THU,0,0,0,,,,0
D_20270122,1/22/2027,2:30:00 PM,25,22,1,2027,FRI,0,0,0,,,,0
D_20270122,1/22/2027,5:00:00 PM,25,22,1,2027,FRI,0,0,0,,,,0
D_20270122,1/22/2027,7:00:00 PM,25,22,1,2027,FRI,0,0,0,,,,0
D_20270122,1/22/2027,9:00:00 PM,25,22,1,2027,FRI,0,0,0,,,,0
D_20270123,1/23/2027,2:30:00 PM,25,23,1,2027,SAT,0,0,0,,,,0
D_20270123,1/23/2027,5:00:00 PM,25,23,1,2027,SAT,0,0,0,,,,0
D_20270123,1/23/2027,7:00:00 PM,25,23,1,2027,SAT,0,0,0,,,,0
D_20270123,1/23/2027,9:00:00 PM,25,23,1,2027,SAT,0,0,0,,,,0
D_20270124,1/24/2027,2:30:00 PM,26,24,1,2027,SUN,0,0,0,,,,0
D_20270124,1/24/2027,5:00:00 PM,26,24,1,2027,SUN,0,0,0,,,,0
D_20270124,1/24/2027,7:00:00 PM,26,24,1,2027,SUN,0,0,0,,,,0
D_20270124,1/24/2027,9:00:00 PM,26,24,1,2027,SUN,0,0,0,,,,0
D_20270125,1/25/2027,2:30:00 PM,26,25,1,2027,MON,0,0,0,,,,0
D_20270125,1/25/2027,5:00:00 PM,26,25,1,2027,MON,0,0,0,,,,0
D_20270125,1/25/2027,7:00:00 PM,26,25,1,2027,MON,0,0,0,,,,0
D_20270125,1/25/2027,9:00:00 PM,26,25,1,2027,MON,0,0,0,,,,0
D_20270126,1/26/2027,2:30:00 PM,26,26,1,2027,TUE,0,0,0,,,,0
D_20270126,1/26/2027,5:00:00 PM,26,26,1,2027,TUE,0,0,0,,,,0
D_20270126,1/26/2027,7:00:00 PM,26,26,1,2027,TUE,0,0,0,,,,0
D_20270126,1/26/2027,9:00:00 PM,26,26,1,2027,TUE,0,0,0,,,,0
D_20270127,1/27/2027,2:30:00 PM,26,27,1,2027,WED,0,0,0,,,,0
D_20270127,1/27/2027,5:00:00 PM,26,27,1,2027,WED,0,0,0,,,,0
D_20270127,1/27/2027,7:00:00 PM,26,27,1,2027,WED,0,0,0,,,,0
D_20270127,1/27/2027,9:00:00 PM,26,27,1,2027,WED,0,0,0,,,,0
D_20270128,1/28/2027,2:30:00 PM,26,28,1,2027,THU,0,0,0,,,,0
D_20270128,1/28/2027,5:00:00 PM,26,28,1,2027,THU,0,0,0,,,,0
D_20270128,1/28/2027,7:00:00 PM,26,28,1,2027,THU,0,0,0,,,,0
D_20270128,1/28/2027,9:00:00 PM,26,28,1,2027,THU,0,0,0,,,,0
D_20270129,1/29/2027,2:30:00 PM,26,29,1,2027,FRI,0,0,0,,,,0
D_20270129,1/29/2027,5:00:00 PM,26,29,1,2027,FRI,0,0,0,,,,0
D_20270129,1/29/2027,7:00:00 PM,26,29,1,2027,FRI,0,0,0,,,,0
D_20270129,1/29/2027,9:00:00 PM,26,29,1,2027,FRI,0,0,0,,,,0
D_20270130,1/30/2027,2:30:00 PM,26,30,1,2027,SAT,0,0,0,,,,0
D_20270130,1/30/2027,5:00:00 PM,26,30,1,2027,SAT,0,0,0,,,,0
D_20270130,1/30/2027,7:00:00 PM,26,30,1,2027,SAT,0,0,0,,,,0
D_20270130,1/30/2027,9:00:00 PM,26,30,1,2027,SAT,0,0,0,,,,0
D_20270131,1/31/2027,2:30:00 PM,27,31,1,2027,SUN,0,0,0,,,,0
D_20270131,1/31/2027,5:00:00 PM,27,31,1,2027,SUN,0,0,0,,,,0
D_20270131,1/31/2027,7:00:00 PM,27,31,1,2027,SUN,0,0,0,,,,0
D_20270131,1/31/2027,9:00:00 PM,27,31,1,2027,SUN,0,0,0,,,,0
D_20270201,2/1/2027,2:30:00 PM,27,1,2,2027,MON,0,0,0,,,,0
D_20270201,2/1/2027,5:00:00 PM,27,1,2,2027,MON,0,0,0,,,,0
D_20270201,2/1/2027,7:00:00 PM,27,1,2,2027,MON,0,0,0,,,,0
D_20270201,2/1/2027,9:00:00 PM,27,1,2,2027,MON,0,0,0,,,,0
D_20270202,2/2/2027,2:30:00 PM,27,2,2,2027,TUE,0,0,0,,,,0
D_20270202,2/2/2027,5:00:00 PM,27,2,2,2027,TUE,0,0,0,,,,0
D_20270202,2/2/2027,7:00:00 PM,27,2,2,2027,TUE,0,0,0,,,,0
D_20270202,2/2/2027,9:00:00 PM,27,2,2,2027,TUE,0,0,0,,,,0
D_20270203,2/3/2027,2:30:00 PM,27,3,2,2027,WED,0,0,0,,,,0
D_20270203,2/3/2027,5:00:00 PM,27,3,2,2027,WED,0,0,0,,,,0
D_20270203,2/3/2027,7:00:00 PM,27,3,2,2027,WED,0,0,0,,,,0
D_20270203,2/3/2027,9:00:00 PM,27,3,2,2027,WED,0,0,0,,,,0
D_20270204,2/4/2027,2:30:00 PM,27,4,2,2027,THU,0,0,0,,,,0
D_20270204,2/4/2027,5:00:00 PM,27,4,2,2027,THU,0,0,0,,,,0
D_20270204,2/4/2027,7:00:00 PM,27,4,2,2027,THU,0,0,0,,,,0
D_20270204,2/4/2027,9:00:00 PM,27,4,2,2027,THU,0,0,0,,,,0
D_20270205,2/5/2027,2:30:00 PM,27,5,2,2027,FRI,0,0,0,,,,0
D_20270205,2/5/2027,5:00:00 PM,27,5,2,2027,FRI,0,0,0,,,,0
D_20270205,2/5/2027,7:00:00 PM,27,5,2,2027,FRI,0,0,0,,,,0
D_20270205,2/5/2027,9:00:00 PM,27,5,2,2027,FRI,0,0,0,,,,0
D_20270206,2/6/2027,2:30:00 PM,27,6,2,2027,SAT,0,0,0,,,,0
D_20270206,2/6/2027,5:00:00 PM,27,6,2,2027,SAT,0,0,0,,,,0
D_20270206,2/6/2027,7:00:00 PM,27,6,2,2027,SAT,0,0,0,,,,0
D_20270206,2/6/2027,9:00:00 PM,27,6,2,2027,SAT,0,0,0,,,,0
,,,,,,,,,,,,,,
,,,,,,,,,,,,,,
D_20270207,2/7/2027,8:00:00 PM,28,7,2,2027,SUN,0,0,1,,,,0
D_20270207,2/7/2027,10:00:00 PM,28,7,2,2027,SUN,0,0,1,,,,0
,,,,,,,,,,,,,,
,,,,,,,,,,,,,,
D_20270208,2/8/2027,8:00:00 PM,28,8,2,2027,MON,0,0,1,,,,0
D_20270208,2/8/2027,10:00:00 PM,28,8,2,2027,MON,0,0,1,,,,0
,,,,,,,,,,,,,,
,,,,,,,,,,,,,,
D_20270209,2/9/2027,8:00:00 PM,28,9,2,2027,TUE,0,0,1,,,,0
D_20270209,2/9/2027,10:00:00 PM,28,9,2,2027,TUE,0,0,1,,,,0
,,,,,,,,,,,,,,
,,,,,,,,,,,,,,
D_20270210,2/10/2027,8:00:00 PM,28,10,2,2027,WED,0,0,1,,,,0
D_20270210,2/10/2027,10:00:00 PM,28,10,2,2027,WED,0,0,1,,,,0
,,,,,,,,,,,,,,
,,,,,,,,,,,,,,
D_20270211,2/11/2027,8:00:00 PM,28,11,2,2027,THU,0,0,1,,,,0
D_20270211,2/11/2027,10:00:00 PM,28,11,2,2027,THU,0,0,1,,,,0
,,,,,,,,,,,,,,
,,,,,,,,,,,,,,
D_20270212,2/12/2027,8:00:00 PM,28,12,2,2027,FRI,0,0,1,,,,0
D_20270212,2/12/2027,10:00:00 PM,28,12,2,2027,FRI,0,0,1,,,,0
,,,,,,,,,,,,,,
,,,,,,,,,,,,,,
D_20270213,2/13/2027,8:00:00 PM,28,13,2,2027,SAT,0,0,1,,,,0
D_20270213,2/13/2027,10:00:00 PM,28,13,2,2027,SAT,0,0,1,,,,0
,,,,,,,,,,,,,,
,,,,,,,,,,,,,,
D_20270214,2/14/2027,8:00:00 PM,29,14,2,2027,SUN,0,0,1,,,,0
D_20270214,2/14/2027,10:00:00 PM,29,14,2,2027,SUN,0,0,1,,,,0
,,,,,,,,,,,,,,
,,,,,,,,,,,,,,
D_20270215,2/15/2027,8:00:00 PM,29,15,2,2027,MON,0,0,1,,,,0
D_20270215,2/15/2027,10:00:00 PM,29,15,2,2027,MON,0,0,1,,,,0
,,,,,,,,,,,,,,
,,,,,,,,,,,,,,
D_20270216,2/16/2027,8:00:00 PM,29,16,2,2027,TUE,0,0,1,,,,0
D_20270216,2/16/2027,10:00:00 PM,29,16,2,2027,TUE,0,0,1,,,,0
,,,,,,,,,,,,,,
,,,,,,,,,,,,,,
D_20270217,2/17/2027,8:00:00 PM,29,17,2,2027,WED,0,0,1,,,,0
D_20270217,2/17/2027,10:00:00 PM,29,17,2,2027,WED,0,0,1,,,,0
,,,,,,,,,,,,,,
,,,,,,,,,,,,,,
D_20270218,2/18/2027,8:00:00 PM,29,18,2,2027,THU,0,0,1,,,,0
D_20270218,2/18/2027,10:00:00 PM,29,18,2,2027,THU,0,0,1,,,,0
,,,,,,,,,,,,,,
,,,,,,,,,,,,,,
D_20270219,2/19/2027,8:00:00 PM,29,19,2,2027,FRI,0,0,1,,,,0
D_20270219,2/19/2027,10:00:00 PM,29,19,2,2027,FRI,0,0,1,,,,0
,,,,,,,,,,,,,,
,,,,,,,,,,,,,,
D_20270220,2/20/2027,8:00:00 PM,29,20,2,2027,SAT,0,0,1,,,,0
D_20270220,2/20/2027,10:00:00 PM,29,20,2,2027,SAT,0,0,1,,,,0
,,,,,,,,,,,,,,
,,,,,,,,,,,,,,
D_20270221,2/21/2027,8:00:00 PM,30,21,2,2027,SUN,0,0,1,,,,0
D_20270221,2/21/2027,10:00:00 PM,30,21,2,2027,SUN,0,0,1,,,,0
,,,,,,,,,,,,,,
,,,,,,,,,,,,,,
D_20270222,2/22/2027,8:00:00 PM,30,22,2,2027,MON,0,0,1,,,,0
D_20270222,2/22/2027,10:00:00 PM,30,22,2,2027,MON,0,0,1,,,,0
,,,,,,,,,,,,,,
,,,,,,,,,,,,,,
D_20270223,2/23/2027,8:00:00 PM,30,23,2,2027,TUE,0,0,1,,,,0
D_20270223,2/23/2027,10:00:00 PM,30,23,2,2027,TUE,0,0,1,,,,0
,,,,,,,,,,,,,,
,,,,,,,,,,,,,,
D_20270224,2/24/2027,8:00:00 PM,30,24,2,2027,WED,0,0,1,,,,0
D_20270224,2/24/2027,10:00:00 PM,30,24,2,2027,WED,0,0,1,,,,0
,,,,,,,,,,,,,,
,,,,,,,,,,,,,,
D_20270225,2/25/2027,8:00:00 PM,30,25,2,2027,THU,0,0,1,,,,0
D_20270225,2/25/2027,10:00:00 PM,30,25,2,2027,THU,0,0,1,,,,0
,,,,,,,,,,,,,,
,,,,,,,,,,,,,,
D_20270226,2/26/2027,8:00:00 PM,30,26,2,2027,FRI,0,0,1,,,,0
D_20270226,2/26/2027,10:00:00 PM,30,26,2,2027,FRI,0,0,1,,,,0
,,,,,,,,,,,,,,
,,,,,,,,,,,,,,
D_20270227,2/27/2027,8:00:00 PM,30,27,2,2027,SAT,0,0,1,,,,0
D_20270227,2/27/2027,10:00:00 PM,30,27,2,2027,SAT,0,0,1,,,,0
,,,,,,,,,,,,,,
,,,,,,,,,,,,,,
D_20270228,2/28/2027,8:00:00 PM,31,28,2,2027,SUN,0,0,1,,,,0
D_20270228,2/28/2027,10:00:00 PM,31,28,2,2027,SUN,0,0,1,,,,0
,,,,,,,,,,,,,,
,,,,,,,,,,,,,,
D_20270301,3/1/2027,8:00:00 PM,31,1,3,2027,MON,0,0,1,,,,0
D_20270301,3/1/2027,10:00:00 PM,31,1,3,2027,MON,0,0,1,,,,0
,,,,,,,,,,,,,,
,,,,,,,,,,,,,,
D_20270302,3/2/2027,8:00:00 PM,31,2,3,2027,TUE,0,0,1,,,,0
D_20270302,3/2/2027,10:00:00 PM,31,2,3,2027,TUE,0,0,1,,,,0
,,,,,,,,,,,,,,
,,,,,,,,,,,,,,
D_20270303,3/3/2027,8:00:00 PM,31,3,3,2027,WED,0,0,1,,,,0
D_20270303,3/3/2027,10:00:00 PM,31,3,3,2027,WED,0,0,1,,,,0
,,,,,,,,,,,,,,
,,,,,,,,,,,,,,
D_20270304,3/4/2027,8:00:00 PM,31,4,3,2027,THU,0,0,1,,,,0
D_20270304,3/4/2027,10:00:00 PM,31,4,3,2027,THU,0,0,1,,,,0
,,,,,,,,,,,,,,
,,,,,,,,,,,,,,
D_20270305,3/5/2027,8:00:00 PM,31,5,3,2027,FRI,0,0,1,,,,0
D_20270305,3/5/2027,10:00:00 PM,31,5,3,2027,FRI,0,0,1,,,,0
,,,,,,,,,,,,,,
,,,,,,,,,,,,,,
D_20270306,3/6/2027,8:00:00 PM,31,6,3,2027,SAT,0,0,1,,,,0
D_20270306,3/6/2027,10:00:00 PM,31,6,3,2027,SAT,0,0,1,,,,0
,,,,,,,,,,,,,,
,,,,,,,,,,,,,,
D_20270307,3/7/2027,8:00:00 PM,32,7,3,2027,SUN,0,0,1,,,,0
D_20270307,3/7/2027,10:00:00 PM,32,7,3,2027,SUN,0,0,1,,,,0
,,,,,,,,,,,,,,
,,,,,,,,,,,,,,
D_20270308,3/8/2027,8:00:00 PM,32,8,3,2027,MON,0,0,1,,,,0
D_20270308,3/8/2027,10:00:00 PM,32,8,3,2027,MON,0,0,1,,,,0
D_20270309,3/9/2027,2:30:00 PM,32,9,3,2027,TUE,0,0,0,,,,0
D_20270309,3/9/2027,5:00:00 PM,32,9,3,2027,TUE,0,0,0,,,,0
D_20270309,3/9/2027,7:00:00 PM,32,9,3,2027,TUE,0,0,0,,,,0
D_20270309,3/9/2027,9:00:00 PM,32,9,3,2027,TUE,0,0,0,,,,0
D_20270310,3/10/2027,2:30:00 PM,32,10,3,2027,WED,0,0,0,,,,0
D_20270310,3/10/2027,5:00:00 PM,32,10,3,2027,WED,0,0,0,,,,0
D_20270310,3/10/2027,7:00:00 PM,32,10,3,2027,WED,0,0,0,,,,0
D_20270310,3/10/2027,9:00:00 PM,32,10,3,2027,WED,0,0,0,,,,0
D_20270311,3/11/2027,2:30:00 PM,32,11,3,2027,THU,0,0,0,,,,0
D_20270311,3/11/2027,5:00:00 PM,32,11,3,2027,THU,0,0,0,,,,0
D_20270311,3/11/2027,7:00:00 PM,32,11,3,2027,THU,0,0,0,,,,0
D_20270311,3/11/2027,9:00:00 PM,32,11,3,2027,THU,0,0,0,,,,0
D_20270312,3/12/2027,2:30:00 PM,32,12,3,2027,FRI,0,0,0,,,,0
D_20270312,3/12/2027,5:00:00 PM,32,12,3,2027,FRI,0,0,0,,,,0
D_20270312,3/12/2027,7:00:00 PM,32,12,3,2027,FRI,0,0,0,,,,0
D_20270312,3/12/2027,9:00:00 PM,32,12,3,2027,FRI,0,0,0,,,,0
D_20270313,3/13/2027,2:30:00 PM,32,13,3,2027,SAT,0,0,0,,,,0
D_20270313,3/13/2027,5:00:00 PM,32,13,3,2027,SAT,0,0,0,,,,0
D_20270313,3/13/2027,7:00:00 PM,32,13,3,2027,SAT,0,0,0,,,,0
D_20270313,3/13/2027,9:00:00 PM,32,13,3,2027,SAT,0,0,0,,,,0
D_20270314,3/14/2027,2:30:00 PM,33,14,3,2027,SUN,0,0,0,,,,0
D_20270314,3/14/2027,5:00:00 PM,33,14,3,2027,SUN,0,0,0,,,,0
D_20270314,3/14/2027,7:00:00 PM,33,14,3,2027,SUN,0,0,0,,,,0
D_20270314,3/14/2027,9:00:00 PM,33,14,3,2027,SUN,0,0,0,,,,0
D_20270315,3/15/2027,2:30:00 PM,33,15,3,2027,MON,0,0,0,,,,0
D_20270315,3/15/2027,5:00:00 PM,33,15,3,2027,MON,0,0,0,,,,0
D_20270315,3/15/2027,7:00:00 PM,33,15,3,2027,MON,0,0,0,,,,0
D_20270315,3/15/2027,9:00:00 PM,33,15,3,2027,MON,0,0,0,,,,0
D_20270316,3/16/2027,2:30:00 PM,33,16,3,2027,TUE,0,0,0,,,,0
D_20270316,3/16/2027,5:00:00 PM,33,16,3,2027,TUE,0,0,0,,,,0
D_20270316,3/16/2027,7:00:00 PM,33,16,3,2027,TUE,0,0,0,,,,0
D_20270316,3/16/2027,9:00:00 PM,33,16,3,2027,TUE,0,0,0,,,,0
D_20270317,3/17/2027,2:30:00 PM,33,17,3,2027,WED,0,0,0,,,,0
D_20270317,3/17/2027,5:00:00 PM,33,17,3,2027,WED,0,0,0,,,,0
D_20270317,3/17/2027,7:00:00 PM,33,17,3,2027,WED,0,0,0,,,,0
D_20270317,3/17/2027,9:00:00 PM,33,17,3,2027,WED,0,0,0,,,,0
D_20270318,3/18/2027,2:30:00 PM,33,18,3,2027,THU,0,0,0,,,,0
D_20270318,3/18/2027,5:00:00 PM,33,18,3,2027,THU,0,0,0,,,,0
D_20270318,3/18/2027,7:00:00 PM,33,18,3,2027,THU,0,0,0,,,,0
D_20270318,3/18/2027,9:00:00 PM,33,18,3,2027,THU,0,0,0,,,,0
D_20270319,3/19/2027,2:30:00 PM,33,19,3,2027,FRI,0,0,0,,,,0
D_20270319,3/19/2027,5:00:00 PM,33,19,3,2027,FRI,0,0,0,,,,0
D_20270319,3/19/2027,7:00:00 PM,33,19,3,2027,FRI,0,0,0,,,,0
D_20270319,3/19/2027,9:00:00 PM,33,19,3,2027,FRI,0,0,0,,,,0
D_20270320,3/20/2027,2:30:00 PM,33,20,3,2027,SAT,0,0,0,,,,0
D_20270320,3/20/2027,5:00:00 PM,33,20,3,2027,SAT,0,0,0,,,,0
D_20270320,3/20/2027,7:00:00 PM,33,20,3,2027,SAT,0,0,0,,,,0
D_20270320,3/20/2027,9:00:00 PM,33,20,3,2027,SAT,0,0,0,,,,0
D_20270321,3/21/2027,2:30:00 PM,34,21,3,2027,SUN,0,0,0,,,,0
D_20270321,3/21/2027,5:00:00 PM,34,21,3,2027,SUN,0,0,0,,,,0
D_20270321,3/21/2027,7:00:00 PM,34,21,3,2027,SUN,0,0,0,,,,0
D_20270321,3/21/2027,9:00:00 PM,34,21,3,2027,SUN,0,0,0,,,,0
D_20270322,3/22/2027,2:30:00 PM,34,22,3,2027,MON,1,0,0,International Break - March Window,,,0
D_20270322,3/22/2027,5:00:00 PM,34,22,3,2027,MON,1,0,0,International Break - March Window,,,0
D_20270322,3/22/2027,7:00:00 PM,34,22,3,2027,MON,1,0,0,International Break - March Window,,,0
D_20270322,3/22/2027,9:00:00 PM,34,22,3,2027,MON,1,0,0,International Break - March Window,,,0
D_20270323,3/23/2027,2:30:00 PM,34,23,3,2027,TUE,1,0,0,International Break - March Window,,,0
D_20270323,3/23/2027,5:00:00 PM,34,23,3,2027,TUE,1,0,0,International Break - March Window,,,0
D_20270323,3/23/2027,7:00:00 PM,34,23,3,2027,TUE,1,0,0,International Break - March Window,,,0
D_20270323,3/23/2027,9:00:00 PM,34,23,3,2027,TUE,1,0,0,International Break - March Window,,,0
D_20270324,3/24/2027,2:30:00 PM,34,24,3,2027,WED,1,0,0,International Break - March Window,,,0
D_20270324,3/24/2027,5:00:00 PM,34,24,3,2027,WED,1,0,0,International Break - March Window,,,0
D_20270324,3/24/2027,7:00:00 PM,34,24,3,2027,WED,1,0,0,International Break - March Window,,,0
D_20270324,3/24/2027,9:00:00 PM,34,24,3,2027,WED,1,0,0,International Break - March Window,,,0
D_20270325,3/25/2027,2:30:00 PM,34,25,3,2027,THU,1,0,0,International Break - March Window,,,0
D_20270325,3/25/2027,5:00:00 PM,34,25,3,2027,THU,1,0,0,International Break - March Window,,,0
D_20270325,3/25/2027,7:00:00 PM,34,25,3,2027,THU,1,0,0,International Break - March Window,,,0
D_20270325,3/25/2027,9:00:00 PM,34,25,3,2027,THU,1,0,0,International Break - March Window,,,0
D_20270326,3/26/2027,2:30:00 PM,34,26,3,2027,FRI,1,0,0,International Break - March Window,,,0
D_20270326,3/26/2027,5:00:00 PM,34,26,3,2027,FRI,1,0,0,International Break - March Window,,,0
D_20270326,3/26/2027,7:00:00 PM,34,26,3,2027,FRI,1,0,0,International Break - March Window,,,0
D_20270326,3/26/2027,9:00:00 PM,34,26,3,2027,FRI,1,0,0,International Break - March Window,,,0
D_20270327,3/27/2027,2:30:00 PM,34,27,3,2027,SAT,1,0,0,International Break - March Window,,,0
D_20270327,3/27/2027,5:00:00 PM,34,27,3,2027,SAT,1,0,0,International Break - March Window,,,0
D_20270327,3/27/2027,7:00:00 PM,34,27,3,2027,SAT,1,0,0,International Break - March Window,,,0
D_20270327,3/27/2027,9:00:00 PM,34,27,3,2027,SAT,1,0,0,International Break - March Window,,,0
D_20270328,3/28/2027,2:30:00 PM,35,28,3,2027,SUN,1,0,0,International Break - March Window,,,0
D_20270328,3/28/2027,5:00:00 PM,35,28,3,2027,SUN,1,0,0,International Break - March Window,,,0
D_20270328,3/28/2027,7:00:00 PM,35,28,3,2027,SUN,1,0,0,International Break - March Window,,,0
D_20270328,3/28/2027,9:00:00 PM,35,28,3,2027,SUN,1,0,0,International Break - March Window,,,0
D_20270329,3/29/2027,2:30:00 PM,35,29,3,2027,MON,1,0,0,International Break - March Window,,,0
D_20270329,3/29/2027,5:00:00 PM,35,29,3,2027,MON,1,0,0,International Break - March Window,,,0
D_20270329,3/29/2027,7:00:00 PM,35,29,3,2027,MON,1,0,0,International Break - March Window,,,0
D_20270329,3/29/2027,9:00:00 PM,35,29,3,2027,MON,1,0,0,International Break - March Window,,,0
D_20270330,3/30/2027,5:00:00 PM,35,30,3,2027,TUE,1,0,0,International Break - March Window,,,0
D_20270330,3/30/2027,8:00:00 PM,35,30,3,2027,TUE,1,0,0,International Break - March Window,,,0
D_20270330,3/30/2027,10:00:00 PM,35,30,3,2027,TUE,1,0,0,International Break - March Window,,,0
D_20270331,3/31/2027,5:00:00 PM,35,31,3,2027,WED,0,0,0,,,,0
D_20270331,3/31/2027,8:00:00 PM,35,31,3,2027,WED,0,0,0,,,,0
D_20270331,3/31/2027,10:00:00 PM,35,31,3,2027,WED,0,0,0,,,,0
D_20270401,4/1/2027,5:00:00 PM,35,1,4,2027,THU,0,1,0,,Quarter-Finals 1st leg,,0
D_20270401,4/1/2027,8:00:00 PM,35,1,4,2027,THU,0,1,0,,Quarter-Finals 1st leg,,0
D_20270401,4/1/2027,10:00:00 PM,35,1,4,2027,THU,0,1,0,,Quarter-Finals 1st leg,,0
D_20270402,4/2/2027,5:00:00 PM,35,2,4,2027,FRI,0,1,0,,Quarter-Finals 1st leg,Quarter-Finals 1st leg,0
D_20270402,4/2/2027,8:00:00 PM,35,2,4,2027,FRI,0,1,0,,Quarter-Finals 1st leg,Quarter-Finals 1st leg,0
D_20270402,4/2/2027,10:00:00 PM,35,2,4,2027,FRI,0,1,0,,Quarter-Finals 1st leg,Quarter-Finals 1st leg,0
D_20270403,4/3/2027,5:00:00 PM,35,3,4,2027,SAT,0,0,0,,,,0
D_20270403,4/3/2027,8:00:00 PM,35,3,4,2027,SAT,0,0,0,,,,0
D_20270403,4/3/2027,10:00:00 PM,35,3,4,2027,SAT,0,0,0,,,,0
D_20270404,4/4/2027,5:00:00 PM,36,4,4,2027,SUN,0,0,0,,,,0
D_20270404,4/4/2027,8:00:00 PM,36,4,4,2027,SUN,0,0,0,,,,0
D_20270404,4/4/2027,10:00:00 PM,36,4,4,2027,SUN,0,0,0,,,,0
D_20270405,4/5/2027,5:00:00 PM,36,5,4,2027,MON,0,0,0,,,,0
D_20270405,4/5/2027,8:00:00 PM,36,5,4,2027,MON,0,0,0,,,,0
D_20270405,4/5/2027,10:00:00 PM,36,5,4,2027,MON,0,0,0,,,,0
D_20270406,4/6/2027,5:00:00 PM,36,6,4,2027,TUE,0,0,0,,,,0
D_20270406,4/6/2027,8:00:00 PM,36,6,4,2027,TUE,0,0,0,,,,0
D_20270406,4/6/2027,10:00:00 PM,36,6,4,2027,TUE,0,0,0,,,,0
D_20270407,4/7/2027,5:00:00 PM,36,7,4,2027,WED,0,0,0,,,,0
D_20270407,4/7/2027,8:00:00 PM,36,7,4,2027,WED,0,0,0,,,,0
D_20270407,4/7/2027,10:00:00 PM,36,7,4,2027,WED,0,0,0,,,,0
D_20270408,4/8/2027,5:00:00 PM,36,8,4,2027,THU,0,1,0,,Quarter-Finals 2nd leg,,0
D_20270408,4/8/2027,8:00:00 PM,36,8,4,2027,THU,0,1,0,,Quarter-Finals 2nd leg,,0
D_20270408,4/8/2027,10:00:00 PM,36,8,4,2027,THU,0,1,0,,Quarter-Finals 2nd leg,,0
D_20270409,4/9/2027,5:00:00 PM,36,9,4,2027,FRI,0,1,0,,Quarter-Finals 2nd leg,Quarter-Finals 2nd leg,0
D_20270409,4/9/2027,8:00:00 PM,36,9,4,2027,FRI,0,1,0,,Quarter-Finals 2nd leg,Quarter-Finals 2nd leg,0
D_20270409,4/9/2027,10:00:00 PM,36,9,4,2027,FRI,0,1,0,,Quarter-Finals 2nd leg,Quarter-Finals 2nd leg,0
D_20270410,4/10/2027,5:00:00 PM,36,10,4,2027,SAT,0,0,0,,,,0
D_20270410,4/10/2027,8:00:00 PM,36,10,4,2027,SAT,0,0,0,,,,0
D_20270410,4/10/2027,10:00:00 PM,36,10,4,2027,SAT,0,0,0,,,,0
D_20270411,4/11/2027,5:00:00 PM,37,11,4,2027,SUN,0,0,0,,,,0
D_20270411,4/11/2027,8:00:00 PM,37,11,4,2027,SUN,0,0,0,,,,0
D_20270411,4/11/2027,10:00:00 PM,37,11,4,2027,SUN,0,0,0,,,,0
D_20270412,4/12/2027,5:00:00 PM,37,12,4,2027,MON,0,0,0,,,,0
D_20270412,4/12/2027,8:00:00 PM,37,12,4,2027,MON,0,0,0,,,,0
D_20270412,4/12/2027,10:00:00 PM,37,12,4,2027,MON,0,0,0,,,,0
D_20270413,4/13/2027,5:00:00 PM,37,13,4,2027,TUE,0,0,0,,,,0
D_20270413,4/13/2027,8:00:00 PM,37,13,4,2027,TUE,0,0,0,,,,0
D_20270413,4/13/2027,10:00:00 PM,37,13,4,2027,TUE,0,0,0,,,,0
D_20270414,4/14/2027,5:00:00 PM,37,14,4,2027,WED,0,0,0,,,,0
D_20270414,4/14/2027,8:00:00 PM,37,14,4,2027,WED,0,0,0,,,,0
D_20270414,4/14/2027,10:00:00 PM,37,14,4,2027,WED,0,0,0,,,,0
D_20270415,4/15/2027,5:00:00 PM,37,15,4,2027,THU,0,0,0,,,,0
D_20270415,4/15/2027,8:00:00 PM,37,15,4,2027,THU,0,0,0,,,,0
D_20270415,4/15/2027,10:00:00 PM,37,15,4,2027,THU,0,0,0,,,,0
D_20270416,4/16/2027,5:00:00 PM,37,16,4,2027,FRI,0,0,0,,,,0
D_20270416,4/16/2027,8:00:00 PM,37,16,4,2027,FRI,0,0,0,,,,0
D_20270416,4/16/2027,10:00:00 PM,37,16,4,2027,FRI,0,0,0,,,,0
D_20270417,4/17/2027,5:00:00 PM,37,17,4,2027,SAT,0,0,0,,,,0
D_20270417,4/17/2027,8:00:00 PM,37,17,4,2027,SAT,0,0,0,,,,0
D_20270417,4/17/2027,10:00:00 PM,37,17,4,2027,SAT,0,0,0,,,,0
D_20270418,4/18/2027,5:00:00 PM,38,18,4,2027,SUN,0,1,0,,Semi-Finals 1st leg,,0
D_20270418,4/18/2027,8:00:00 PM,38,18,4,2027,SUN,0,1,0,,Semi-Finals 1st leg,,0
D_20270418,4/18/2027,10:00:00 PM,38,18,4,2027,SUN,0,1,0,,Semi-Finals 1st leg,,0
D_20270419,4/19/2027,5:00:00 PM,38,19,4,2027,MON,0,1,0,,Semi-Finals 1st leg,,0
D_20270419,4/19/2027,8:00:00 PM,38,19,4,2027,MON,0,1,0,,Semi-Finals 1st leg,,0
D_20270419,4/19/2027,10:00:00 PM,38,19,4,2027,MON,0,1,0,,Semi-Finals 1st leg,,0
D_20270420,4/20/2027,5:00:00 PM,38,20,4,2027,TUE,0,1,0,,,Semi-Finals 1st leg,0
D_20270420,4/20/2027,8:00:00 PM,38,20,4,2027,TUE,0,1,0,,,Semi-Finals 1st leg,0
D_20270420,4/20/2027,10:00:00 PM,38,20,4,2027,TUE,0,1,0,,,Semi-Finals 1st leg,0
D_20270421,4/21/2027,5:00:00 PM,38,21,4,2027,WED,0,0,0,,,,0
D_20270421,4/21/2027,8:00:00 PM,38,21,4,2027,WED,0,0,0,,,,0
D_20270421,4/21/2027,10:00:00 PM,38,21,4,2027,WED,0,0,0,,,,0
D_20270422,4/22/2027,5:00:00 PM,38,22,4,2027,THU,0,0,0,,,,0
D_20270422,4/22/2027,8:00:00 PM,38,22,4,2027,THU,0,0,0,,,,0
D_20270422,4/22/2027,10:00:00 PM,38,22,4,2027,THU,0,0,0,,,,0
D_20270423,4/23/2027,5:00:00 PM,38,23,4,2027,FRI,0,0,0,,,,0
D_20270423,4/23/2027,8:00:00 PM,38,23,4,2027,FRI,0,0,0,,,,0
D_20270423,4/23/2027,10:00:00 PM,38,23,4,2027,FRI,0,0,0,,,,0
D_20270424,4/24/2027,5:00:00 PM,38,24,4,2027,SAT,0,0,0,,,,0
D_20270424,4/24/2027,8:00:00 PM,38,24,4,2027,SAT,0,0,0,,,,0
D_20270424,4/24/2027,10:00:00 PM,38,24,4,2027,SAT,0,0,0,,,,0
D_20270425,4/25/2027,5:00:00 PM,39,25,4,2027,SUN,0,1,0,,Semi-Finals 2nd leg,,0
D_20270425,4/25/2027,8:00:00 PM,39,25,4,2027,SUN,0,1,0,,Semi-Finals 2nd leg,,0
D_20270425,4/25/2027,10:00:00 PM,39,25,4,2027,SUN,0,1,0,,Semi-Finals 2nd leg,,0
D_20270426,4/26/2027,5:00:00 PM,39,26,4,2027,MON,0,1,0,,Semi-Finals 2nd leg,,0
D_20270426,4/26/2027,8:00:00 PM,39,26,4,2027,MON,0,1,0,,Semi-Finals 2nd leg,,0
D_20270426,4/26/2027,10:00:00 PM,39,26,4,2027,MON,0,1,0,,Semi-Finals 2nd leg,,0
D_20270427,4/27/2027,5:00:00 PM,39,27,4,2027,TUE,0,1,0,,,Semi-Finals 2nd leg,0
D_20270427,4/27/2027,8:00:00 PM,39,27,4,2027,TUE,0,1,0,,,Semi-Finals 2nd leg,0
D_20270427,4/27/2027,10:00:00 PM,39,27,4,2027,TUE,0,1,0,,,Semi-Finals 2nd leg,0
D_20270428,4/28/2027,5:00:00 PM,39,28,4,2027,WED,0,0,0,,,,0
D_20270428,4/28/2027,8:00:00 PM,39,28,4,2027,WED,0,0,0,,,,0
D_20270428,4/28/2027,10:00:00 PM,39,28,4,2027,WED,0,0,0,,,,0
D_20270429,4/29/2027,5:00:00 PM,39,29,4,2027,THU,0,0,0,,,,0
D_20270429,4/29/2027,8:00:00 PM,39,29,4,2027,THU,0,0,0,,,,0
D_20270429,4/29/2027,10:00:00 PM,39,29,4,2027,THU,0,0,0,,,,0
D_20270430,4/30/2027,5:00:00 PM,39,30,4,2027,FRI,0,0,0,,,,0
D_20270430,4/30/2027,8:00:00 PM,39,30,4,2027,FRI,0,0,0,,,,0
D_20270430,4/30/2027,10:00:00 PM,39,30,4,2027,FRI,0,0,0,,,,0
D_20270501,5/1/2027,5:00:00 PM,39,1,5,2027,SAT,0,0,0,,,,0
D_20270501,5/1/2027,8:00:00 PM,39,1,5,2027,SAT,0,0,0,,,,0
D_20270501,5/1/2027,10:00:00 PM,39,1,5,2027,SAT,0,0,0,,,,0
D_20270502,5/2/2027,5:00:00 PM,40,2,5,2027,SUN,0,0,0,,,,0
D_20270502,5/2/2027,8:00:00 PM,40,2,5,2027,SUN,0,0,0,,,,0
D_20270502,5/2/2027,10:00:00 PM,40,2,5,2027,SUN,0,0,0,,,,0
D_20270503,5/3/2027,5:00:00 PM,40,3,5,2027,MON,0,0,0,,,,0
D_20270503,5/3/2027,8:00:00 PM,40,3,5,2027,MON,0,0,0,,,,0
D_20270503,5/3/2027,10:00:00 PM,40,3,5,2027,MON,0,0,0,,,,0
D_20270504,5/4/2027,5:00:00 PM,40,4,5,2027,TUE,0,0,0,,,,0
D_20270504,5/4/2027,8:00:00 PM,40,4,5,2027,TUE,0,0,0,,,,0
D_20270504,5/4/2027,10:00:00 PM,40,4,5,2027,TUE,0,0,0,,,,0
D_20270505,5/5/2027,5:00:00 PM,40,5,5,2027,WED,0,0,0,,,,0
D_20270505,5/5/2027,8:00:00 PM,40,5,5,2027,WED,0,0,0,,,,0
D_20270505,5/5/2027,10:00:00 PM,40,5,5,2027,WED,0,0,0,,,,0
D_20270506,5/6/2027,5:00:00 PM,40,6,5,2027,THU,0,0,0,,,,0
D_20270506,5/6/2027,8:00:00 PM,40,6,5,2027,THU,0,0,0,,,,0
D_20270506,5/6/2027,10:00:00 PM,40,6,5,2027,THU,0,0,0,,,,0
D_20270507,5/7/2027,5:00:00 PM,40,7,5,2027,FRI,0,0,0,,,,0
D_20270507,5/7/2027,8:00:00 PM,40,7,5,2027,FRI,0,0,0,,,,0
D_20270507,5/7/2027,10:00:00 PM,40,7,5,2027,FRI,0,0,0,,,,0
D_20270508,5/8/2027,5:00:00 PM,40,8,5,2027,SAT,0,0,0,,,,0
D_20270508,5/8/2027,8:00:00 PM,40,8,5,2027,SAT,0,0,0,,,,0
D_20270508,5/8/2027,10:00:00 PM,40,8,5,2027,SAT,0,0,0,,,,0
D_20270509,5/9/2027,5:00:00 PM,41,9,5,2027,SUN,0,0,0,,,,0
D_20270509,5/9/2027,8:00:00 PM,41,9,5,2027,SUN,0,0,0,,,,0
D_20270509,5/9/2027,10:00:00 PM,41,9,5,2027,SUN,0,0,0,,,,0
D_20270510,5/10/2027,5:00:00 PM,41,10,5,2027,MON,0,0,0,,,,0
D_20270510,5/10/2027,8:00:00 PM,41,10,5,2027,MON,0,0,0,,,,0
D_20270510,5/10/2027,10:00:00 PM,41,10,5,2027,MON,0,0,0,,,,0
D_20270511,5/11/2027,5:00:00 PM,41,11,5,2027,TUE,0,0,0,,,,0
D_20270511,5/11/2027,8:00:00 PM,41,11,5,2027,TUE,0,0,0,,,,0
D_20270511,5/11/2027,10:00:00 PM,41,11,5,2027,TUE,0,0,0,,,,0
D_20270512,5/12/2027,5:00:00 PM,41,12,5,2027,WED,0,0,0,,,,0
D_20270512,5/12/2027,8:00:00 PM,41,12,5,2027,WED,0,0,0,,,,0
D_20270512,5/12/2027,10:00:00 PM,41,12,5,2027,WED,0,0,0,,,,0
D_20270513,5/13/2027,5:00:00 PM,41,13,5,2027,THU,0,0,0,,,,0
D_20270513,5/13/2027,8:00:00 PM,41,13,5,2027,THU,0,0,0,,,,0
D_20270513,5/13/2027,10:00:00 PM,41,13,5,2027,THU,0,0,0,,,,0
D_20270514,5/14/2027,5:00:00 PM,41,14,5,2027,FRI,0,0,0,,,,0
D_20270514,5/14/2027,8:00:00 PM,41,14,5,2027,FRI,0,0,0,,,,0
D_20270514,5/14/2027,10:00:00 PM,41,14,5,2027,FRI,0,0,0,,,,0
D_20270515,5/15/2027,5:00:00 PM,41,15,5,2027,SAT,0,0,0,,,,0
D_20270515,5/15/2027,8:00:00 PM,41,15,5,2027,SAT,0,0,0,,,,0
D_20270515,5/15/2027,10:00:00 PM,41,15,5,2027,SAT,0,0,0,,,,0
D_20270516,5/16/2027,5:00:00 PM,42,16,5,2027,SUN,0,0,0,,,,0
D_20270516,5/16/2027,8:00:00 PM,42,16,5,2027,SUN,0,0,0,,,,0
D_20270516,5/16/2027,10:00:00 PM,42,16,5,2027,SUN,0,0,0,,,,0
D_20270517,5/17/2027,5:00:00 PM,42,17,5,2027,MON,0,1,0,,,Final 1st leg,0
D_20270517,5/17/2027,8:00:00 PM,42,17,5,2027,MON,0,1,0,,,Final 1st leg,0
D_20270517,5/17/2027,10:00:00 PM,42,17,5,2027,MON,0,1,0,,,Final 1st leg,0
D_20270518,5/18/2027,5:00:00 PM,42,18,5,2027,TUE,0,0,0,,,,0
D_20270518,5/18/2027,8:00:00 PM,42,18,5,2027,TUE,0,0,0,,,,0
D_20270518,5/18/2027,10:00:00 PM,42,18,5,2027,TUE,0,0,0,,,,0
D_20270519,5/19/2027,5:00:00 PM,42,19,5,2027,WED,0,0,0,,,,0
D_20270519,5/19/2027,8:00:00 PM,42,19,5,2027,WED,0,0,0,,,,0
D_20270519,5/19/2027,10:00:00 PM,42,19,5,2027,WED,0,0,0,,,,0
D_20270520,5/20/2027,5:00:00 PM,42,20,5,2027,THU,0,0,0,,,,0
D_20270520,5/20/2027,8:00:00 PM,42,20,5,2027,THU,0,0,0,,,,0
D_20270520,5/20/2027,10:00:00 PM,42,20,5,2027,THU,0,0,0,,,,0
D_20270521,5/21/2027,5:00:00 PM,42,21,5,2027,FRI,0,0,0,,,,0
D_20270521,5/21/2027,8:00:00 PM,42,21,5,2027,FRI,0,0,0,,,,0
D_20270521,5/21/2027,10:00:00 PM,42,21,5,2027,FRI,0,0,0,,,,0
D_20270522,5/22/2027,5:00:00 PM,42,22,5,2027,SAT,0,0,0,,,,0
D_20270522,5/22/2027,8:00:00 PM,42,22,5,2027,SAT,0,0,0,,,,0
D_20270522,5/22/2027,10:00:00 PM,42,22,5,2027,SAT,0,0,0,,,,0
D_20270523,5/23/2027,5:00:00 PM,43,23,5,2027,SUN,0,0,0,,,,0
D_20270523,5/23/2027,8:00:00 PM,43,23,5,2027,SUN,0,0,0,,,,0
D_20270523,5/23/2027,10:00:00 PM,43,23,5,2027,SUN,0,0,0,,,,0
D_20270524,5/24/2027,5:00:00 PM,43,24,5,2027,MON,0,1,0,,Final 1st leg,,0
D_20270524,5/24/2027,8:00:00 PM,43,24,5,2027,MON,0,1,0,,Final 1st leg,,0
D_20270524,5/24/2027,10:00:00 PM,43,24,5,2027,MON,0,1,0,,Final 1st leg,,0
D_20270525,5/25/2027,5:00:00 PM,43,25,5,2027,TUE,0,1,0,,,Final 2nd leg,0
D_20270525,5/25/2027,8:00:00 PM,43,25,5,2027,TUE,0,1,0,,,Final 2nd leg,0
D_20270525,5/25/2027,10:00:00 PM,43,25,5,2027,TUE,0,1,0,,,Final 2nd leg,0
D_20270526,5/26/2027,5:00:00 PM,43,26,5,2027,WED,0,0,0,,,,0
D_20270526,5/26/2027,8:00:00 PM,43,26,5,2027,WED,0,0,0,,,,0
D_20270526,5/26/2027,10:00:00 PM,43,26,5,2027,WED,0,0,0,,,,0
D_20270527,5/27/2027,5:00:00 PM,43,27,5,2027,THU,0,0,0,,,,0
D_20270527,5/27/2027,8:00:00 PM,43,27,5,2027,THU,0,0,0,,,,0
D_20270527,5/27/2027,10:00:00 PM,43,27,5,2027,THU,0,0,0,,,,0
D_20270528,5/28/2027,5:00:00 PM,43,28,5,2027,FRI,0,0,0,,,,0
D_20270528,5/28/2027,8:00:00 PM,43,28,5,2027,FRI,0,0,0,,,,0
D_20270528,5/28/2027,10:00:00 PM,43,28,5,2027,FRI,0,0,0,,,,0
D_20270529,5/29/2027,5:00:00 PM,43,29,5,2027,SAT,0,0,0,,,,0
D_20270529,5/29/2027,8:00:00 PM,43,29,5,2027,SAT,0,0,0,,,,0
D_20270529,5/29/2027,10:00:00 PM,43,29,5,2027,SAT,0,0,0,,,,0
D_20270530,5/30/2027,5:00:00 PM,44,30,5,2027,SUN,0,0,0,,,,0
D_20270530,5/30/2027,8:00:00 PM,44,30,5,2027,SUN,0,0,0,,,,0
D_20270530,5/30/2027,10:00:00 PM,44,30,5,2027,SUN,0,0,0,,,,0
D_20270531,5/31/2027,5:00:00 PM,44,31,5,2027,MON,0,0,0,,,,0
D_20270531,5/31/2027,8:00:00 PM,44,31,5,2027,MON,0,0,0,,,,0
D_20270531,5/31/2027,10:00:00 PM,44,31,5,2027,MON,0,0,0,,,,0
D_20270601,6/1/2027,5:00:00 PM,44,1,6,2027,TUE,0,1,0,,Final 2nd leg,,0
D_20270601,6/1/2027,8:00:00 PM,44,1,6,2027,TUE,0,1,0,,Final 2nd leg,,0
D_20270601,6/1/2027,10:00:00 PM,44,1,6,2027,TUE,0,1,0,,Final 2nd leg,,0
D_20270602,6/2/2027,5:00:00 PM,44,2,6,2027,WED,0,0,0,,,,0
D_20270602,6/2/2027,8:00:00 PM,44,2,6,2027,WED,0,0,0,,,,0
D_20270602,6/2/2027,10:00:00 PM,44,2,6,2027,WED,0,0,0,,,,0
D_20270603,6/3/2027,5:00:00 PM,44,3,6,2027,THU,0,0,0,,,,0
D_20270603,6/3/2027,8:00:00 PM,44,3,6,2027,THU,0,0,0,,,,0
D_20270603,6/3/2027,10:00:00 PM,44,3,6,2027,THU,0,0,0,,,,0
D_20270604,6/4/2027,5:00:00 PM,44,4,6,2027,FRI,0,0,0,,,,0
D_20270604,6/4/2027,8:00:00 PM,44,4,6,2027,FRI,0,0,0,,,,0
D_20270604,6/4/2027,10:00:00 PM,44,4,6,2027,FRI,0,0,0,,,,0
D_20270605,6/5/2027,5:00:00 PM,44,5,6,2027,SAT,0,0,0,,,,0
D_20270605,6/5/2027,8:00:00 PM,44,5,6,2027,SAT,0,0,0,,,,0
D_20270605,6/5/2027,10:00:00 PM,44,5,6,2027,SAT,0,0,0,,,,0
D_20270606,6/6/2027,5:00:00 PM,45,6,6,2027,SUN,0,0,0,,,,0
D_20270606,6/6/2027,8:00:00 PM,45,6,6,2027,SUN,0,0,0,,,,0
D_20270606,6/6/2027,10:00:00 PM,45,6,6,2027,SUN,0,0,0,,,,0
D_20270607,6/7/2027,5:00:00 PM,45,7,6,2027,MON,1,0,0,International Break - June Window,,,0
D_20270607,6/7/2027,8:00:00 PM,45,7,6,2027,MON,1,0,0,International Break - June Window,,,0
D_20270607,6/7/2027,10:00:00 PM,45,7,6,2027,MON,1,0,0,International Break - June Window,,,0
D_20270608,6/8/2027,5:00:00 PM,45,8,6,2027,TUE,1,0,0,International Break - June Window,,,0
D_20270608,6/8/2027,8:00:00 PM,45,8,6,2027,TUE,1,0,0,International Break - June Window,,,0
D_20270608,6/8/2027,10:00:00 PM,45,8,6,2027,TUE,1,0,0,International Break - June Window,,,0
D_20270609,6/9/2027,5:00:00 PM,45,9,6,2027,WED,1,0,0,International Break - June Window,,,0
D_20270609,6/9/2027,8:00:00 PM,45,9,6,2027,WED,1,0,0,International Break - June Window,,,0
D_20270609,6/9/2027,10:00:00 PM,45,9,6,2027,WED,1,0,0,International Break - June Window,,,0
D_20270610,6/10/2027,5:00:00 PM,45,10,6,2027,THU,1,0,0,International Break - June Window,,,0
D_20270610,6/10/2027,8:00:00 PM,45,10,6,2027,THU,1,0,0,International Break - June Window,,,0
D_20270610,6/10/2027,10:00:00 PM,45,10,6,2027,THU,1,0,0,International Break - June Window,,,0
